Категория;Наименование товара;Стоимость, руб
Арбуз;Арбуз Алый Сахар/Сем Алт/цп 1 гр.;36
Арбуз;Арбуз Астраханский/Сем Алт/цп 1 гр.;30
Арбуз;Арбуз АУ Продюсер ПВП/Сем Алт/цп 1 гр.;36
Арбуз;Арбуз Большой Сахарный/Сем Алт/цп 1 гр.;38
Арбуз;Арбуз Желтый Император/Сем Алт/цп 0,5 гр. АЗИАТСКИЙ ОГОРОД!;65
Арбуз;Арбуз Зелибоба/Сем Алт/цп 0,5 гр.;59
Арбуз;Арбуз Кримсон Свит/Сем Алт/цп 0,5 гр.;32
Арбуз;Арбуз Малиновый Сладкий/Сем Алт/цп 1 гр.;37
Арбуз;Арбуз Мелитопольский/Сем Алт/цп 0,5 гр.;26
Арбуз;Арбуз Ница/Сем Алт/цп 0,5 гр.;28
Арбуз;Арбуз Огонек/Сем Алт/цп 1 гр.;36
Арбуз;Арбуз Пекинский Нектар/Сем Алт/цп 0,5 гр.  АЗИАТСКИЙ ОГОРОД!;36
Арбуз;Арбуз Пекинский Нектар/Сем Алт/цп 1 гр. КИТАЙСКАЯ СЕРИЯ!;36
Арбуз;Арбуз Ранний Кубани/Сем Алт/цп 1 гр.;37
Арбуз;Арбуз Сахарная Вата/Сем Алт/цп 1 гр.;48
Арбуз;Арбуз Сахарный Малыш (Шуга Бейби)/Сем Алт/цп 1 гр.;38
Арбуз;Арбуз Сибирская Роза/Сем Алт/цп 1 гр.;34
Арбуз;Арбуз Сибирские Огни/Сем Алт/цп 1 гр. Сибирская Селекция!;38
Арбуз;Арбуз Сибирский Мед/Сем Алт/цп 1 гр.;38
Арбуз;Арбуз Ультраранний/Сем Алт/цп 1 гр.;42
Арбуз;Арбуз Фотон/Сем Алт/цп 1 гр.;30
Арбуз;Арбуз Холодок/Сем Алт/цп 1 гр.;38
Арбуз;Арбуз Чарльстон Грей/Сем Алт/цп 0,5 гр.;39
Арбуз;Арбуз Чарльстон Грей/Сем Алт/цп 1 гр.;45
Баклажан;Баклажан Алексеевский/Сем Алт/цп 0,1 гр.;58
Баклажан;Баклажан Аленка (Зеленый)/Сем Алт/цп 10 шт.;64
Баклажан;Баклажан Алмаз/Сем Алт/цп 0,2 гр.;35
Баклажан;Баклажан Брюнет/Сем Алт/цп 0,2 гр.;36
Баклажан;Баклажан Бычье Сердце/Сем Алт/цп 0,2 гр.;38
Баклажан;Баклажан Бычье Сердце/Сем Алт/цп 0,3 гр.;36
Баклажан;Баклажан Вера/Сем Алт/цп 0,3 гр. Сибирская Селекция!;34
Баклажан;Баклажан Икра Заморская/Сем Алт/цп 0,2 гр.;35
Баклажан;Баклажан Лебединый/Сем Алт/цп 0,1 гр.;44
Баклажан;Баклажан Лебединый/Сем Алт/цп 0,2 гр.;45
Баклажан;Баклажан Матроскин/Сем Алт/цп 0,2 гр.;36
Баклажан;Баклажан Северный Блюз F1/Сем Алт/цп 10 шт.;55
Баклажан;Баклажан Улыбка Негра/Сем Алт/цп 0,1 гр.;58
Баклажан;Баклажан Улыбка Негра/Сем Алт/цп 0,2 гр.;69
Баклажан;Баклажан Универсал-6/Сем Алт/цп 0,3 гр.;30
Баклажан;Баклажан Фиолетовый Длинный/Сем Алт/цп 0,2 гр.;37
Баклажан;Баклажан Фрегат/Сем Алт/цп 0,2 гр.;35
Баклажан;Баклажан Фрегат/Сем Алт/цп 0,3 гр.;32
Баклажан;Баклажан Черный Красавец/Сем Алт/цп 0,2 гр.;36
Баклажан;Баклажан Черный Красавец/Сем Алт/цп 0,3 гр.;32
Баклажан;Баклажан Черный Опал/Сем Алт/цп 0,2 гр.;38
Баклажан;Баклажан Чисанчи/Сем Алт/цп 0,2 гр. АЗИАТСКИЙ ОГОРОД!;38
Баклажан;Баклажан Шаровидный/Сем Алт/цп 0,2 гр.;34
Баклажан;Баклажан Шаровидный/Сем Алт/цп 0,3 гр.;34
Баклажан;Баклажан Эпик F1/Сем Алт/цп 10 шт. Seminis (Голландские Семена);95
Баклажан;Баклажан Эфиоп/Сем Алт/цп 0,2 гр.;37
Брюква;Брюква Баварская/Сем Алт/цп 1 гр.;32
Горох, бобы;Бобы Белорусские/Сем Алт/цп 5 гр.;38
Горох, бобы;Бобы Русские Черные/Сем Алт/цп 5 гр.;38
Горох, бобы;Горох Адагумский/Сем Алт/цп 10 гр.;30
Горох, бобы;Горох Алтайский Изумруд/Сем Алт/цп 10 гр. Сибирская Селекция!;37
Горох, бобы;Горох Альфа/Сем Алт/цп 10 гр.;30
Горох, бобы;Горох Амброзия/Сем Алт/цп 10 гр.;37
Горох, бобы;Горох Безлисточковый/Сем Алт/цп 10 гр.;35
Горох, бобы;Горох Беркут/Сем Алт/цп 10 гр.;28
Горох, бобы;Горох Воронежский зеленый/Сем Алт/цп 10 гр.;30
Горох, бобы;Горох Глориоза/Сем Алт/цп 10 гр.;35
Горох, бобы;Горох Жегалова 112 Сахарный/Сем Алт/цп 10 гр.;32
Горох, бобы;Горох Кельведонское Чудо/Сем Алт/цп 10 гр.;30
Горох, бобы;Горох Комнатный/Сем Алт/цп 10 гр. УРОЖАЙ НА ОКНЕ!;55
Горох, бобы;Горох Метеор/Сем Алт/цп 10 гр.;38
Горох, бобы;Горох Норд-Вест/Сем Алт/цп 10 гр.;30
Горох, бобы;Горох Орегон Шуга (Сахарный)/Сем Алт/цп 10 гр.;38
Горох, бобы;Горох Первенец Сахарный/Сем Алт/цп 10 гр.;30
Горох, бобы;Горох Сахарная Вкусняшка/Сем Алт/цп 10 гр.;38
Горох, бобы;Горох Сахарная Конфета/Сем Алт/цп 10 гр.;38
Горох, бобы;Горох Сахарный Стручок/Сем Алт/цп 10 гр.;38
Горох, бобы;Горох Сибирский Гигант/Сем Алт/цп 10 гр. СЕРИЯ СИБИРСКИЕ ГИГАНТЫ!;55
Горох, бобы;Горох Сладкая Парочка/Сем Алт/цп 10 гр.;38
Горох, бобы;Горох Сладкий Боб/Сем Алт/цп 10 гр.;39
Горох, бобы;Горох Спринтер/Сем Алт/цп 10 гр.;38
Горох, бобы;Горох Фуга/Сем Алт/цп 10 гр.;36
Горох, бобы;Горох Хавский Жемчуг/Сем Алт/цп 10 гр.;34
Горох, бобы;Горох Шесть недель/Сем Алт/цп 10 гр.;38
Горох, бобы;Чечевица Зеленая/Сем Алт/цп 5 гр.;42
Горох, бобы;Чечевица Коричневая/Сем Алт/цп 5 гр.;44
Дайкон;Дайкон Дубинушка/Сем Алт/цп 1 гр.;34
Дайкон;Дайкон Дядя Степа/Сем Алт/цп 1 гр.;34
Дайкон;Дайкон Зуб Акулы/Сем Алт/цп 1 гр.;36
Дайкон;Дайкон Миноваси/Сем Алт/цп 1 гр.;30
Дайкон;Дайкон Миясиге/Сем Алт/цп 1 гр. АЗИАТСКИЙ ОГОРОД!;30
Дайкон;Дайкон Самурай/Сем Алт/цп 1 гр. АЗИАТСКИЙ ОГОРОД!;35
Дайкон;Дайкон Саша/Сем Алт/цп 1 гр.;30
Дайкон;Дайкон Сибирский Гигант/Сем Алт/цп 1 гр. СЕРИЯ СИБИРСКИЕ ГИГАНТЫ!;40
Дайкон;Дайкон Цезарь/Сем Алт/цп 1 гр.;34
Дыня;Дыня Алтайская/Сем Алт/цп 0,5 гр.;34
Дыня;Дыня Ананас/Сем Алт/цп 1 гр.;46
Дыня;Дыня Восточная Красавица/Сем Алт/цп 0,5 гр.;36
Дыня;Дыня Восточная Красавица/Сем Алт/цп 1 гр.;52
Дыня;Дыня Золотистая/Сем Алт/цп 0,5 гр.;28
Дыня;Дыня Казачка 244/Сем Алт/цп 1 гр.;39
Дыня;Дыня Колхозница 749/753/Сем Алт/цп 1 гр.;36
Дыня;Дыня Крем-Брюле/Сем Алт/цп 1 гр.;39
Дыня;Дыня Медовая/Сем Алт/цп 0,5 гр.;38
Дыня;Дыня Медовый Месяц/Сем Алт/цп 0,5 гр.;38
Дыня;Дыня Сладкая Неженка/Сем Алт/цп 1 гр.;39
Дыня;Дыня Таманская (Ранняя 133)/Сем Алт/цп 1 гр.;32
Дыня;Дыня Шаранте/Сем Алт/цп 0,5 гр.;32
Дыня;Дыня Шаранте/Сем Алт/цп 1 гр.;40
Дыня;Дыня Шарлотта/Сем Алт/цп 0,5 гр. НОВИНКА!;31
Дыня;Дыня Эфиопка/Сем Алт/цп 1 гр.;39
Зелень;Зеленые Витамины для Грызунов/Сем Алт/цп 10 гр.;28
Зелень;Зеленые Витамины для любимых Кошек/Сем Алт/цп 10 гр.;30
Зелень;Зеленые Витамины для Пернатых/Сем Алт/цп 10 гр.;28
Зелень;Зелень Алтей Лекарственный/Сем Алт/цп 0,1 гр. АПТЕКАРСКИЙ ОГОРОД!;30
Зелень;Зелень Анис/Сем Алт/цп 0,5 гр.;39
Зелень;Зелень Артишок Красавец/Сем Алт/цп 0,5 гр.;44
Зелень;Зелень Артишок Римский/Сем Алт/цп 0.5 гр.;58
Зелень;Зелень Базилик Арарат (Фиолетовый)/Сем Алт/цп 0,3 гр.;37
Зелень;Зелень Базилик Ароматная смесь/Сем Алт/цп 0,1 гр. НОВИНКА!;34
Зелень;Зелень Базилик Бархат/Сем Алт/цп 0,3 гр.;32
Зелень;Зелень Базилик Восточная Сказка/Сем Алт/цп 0,3 гр.;38
Зелень;Зелень Базилик Гурман/Сем Алт/цп 0,3 гр.;36
Зелень;Зелень Базилик Зеленый Ароматный/Сем Алт/цп 0,3 гр.;36
Зелень;Зелень Базилик Зеленый Ароматный/Сем Алт/цп 0,3 гр. УРОЖАЙ НА ОКНЕ!;37
Зелень;Зелень Базилик Лимонный Аромат/Сем Алт/цп 0,3 гр.;38
Зелень;Зелень Базилик Мини/Сем Алт/цп 0,2 гр. УРОЖАЙ НА ОКНЕ!;39
Зелень;Зелень Базилик Ред Рубин/Сем Алт/цп 0,3 гр.;37
Зелень;Зелень Базилик Ред Рубин/Сем Алт/цп 0,3 гр. УРОЖАЙ НА ОКНЕ!;37
Зелень;Зелень Базилик Фиолетовый Джигит/Сем Алт/цп 0,3 гр.;38
Зелень;Зелень Базилик Фиолетовый/Сем Алт/цп 0,3 гр.;37
Зелень;Зелень Базилик Шанхай/Сем Алт/цп 0,3 гр. КИТАЙСКАЯ СЕРИЯ;31
Зелень;Зелень Базилик Широколистный/Сем Алт/цп 0,3 гр.;38
Зелень;Зелень Валериана Кардиола лекарственная/Сем Алт/цп 0,1 гр.  АПТЕКАРСКИЙ ОГОРОД!;45
Зелень;Зелень Горчица Красный Гигант/Сем Алт/цп 0,5 гр.;35
Зелень;Зелень Горчица Листовая Волнушка/Сем Алт/цп 0,5 гр.;34
Зелень;Зелень Горчица Листовая/Сем Алт/цп 0,5 гр.;34
Зелень;Зелень Горчица Ядреная/Сем Алт/цп 0,5 гр.;38
Зелень;Зелень Девясил Много Сил/Сем Алт/цп 0,05 гр. АПТЕКАРСКИЙ ОГОРОД!;38
Зелень;Зелень Душица Обыкновенная/Сем Алт/цп 0,05 гр. АПТЕКАРСКИЙ ОГОРОД!;38
Зелень;Зелень Зверобой Оптимист/Сем Алт/цп 0,1 гр. АПТЕКАРСКИЙ ОГОРОД!;38
Зелень;Зелень Змееголовник Горыныч/Сем Алт/цп 0,3 гр. АПТЕКАРСКИЙ ОГОРОД!;38
Зелень;Зелень Иссоп Знахарь лекарственный/Сем Алт/цп 0,2 гр. АПТЕКАРСКИЙ ОГОРОД!;36
Зелень;Зелень Катран (Хрен) Аккорд/Сем Алт/цп 0,3 гр.;32
Зелень;Зелень Кервель Ажурный/Сем Алт/цп 0,5 гр.;28
Зелень;Зелень Кориандр Бородинский/Сем Алт/цп 2 гр.;34
Зелень;Зелень Кориандр Летний Аромат/Сем Алт/цп 2 гр.;34
Зелень;Зелень Кориандр Янтарь/Сем Алт/цп 2 гр.;32
Зелень;Зелень Кориандр Янтарь/Сем Алт/цп 2 гр. УРОЖАЙ НА ОКНЕ! !;32
Зелень;Зелень Корн Салат Витаминные Листочки/Сем Алт/цп 0,5 гр.;32
Зелень;Зелень Корн Салат Кладезь Здоровья/Сем Алт/цп 0,5 гр.;32
Зелень;Зелень Кресс-Салат Ажур/Сем Алт/цп 1 гр.;30
Зелень;Зелень Кресс-Салат Забава/Сем Алт/цп 1 гр.;35
Зелень;Зелень Кумин (Зира) Восточная Долина/Сем Алт/цп 1 гр.;34
Зелень;Зелень Лаванда Нежность/Сем Алт/цп 0,1 гр. АПТЕКАРСКИЙ ОГОРОД!;38
Зелень;Зелень Лофант Анисовый/Сем Алт/цп 0,05 гр. АПТЕКАРСКИЙ ОГОРОД!;34
Зелень;Зелень Любисток Удалец/Сем Алт/цп 0,2 гр.;38
Зелень;Зелень Майоран Байкал/Сем Алт/цп 0,2 гр.;34
Зелень;Зелень Махорка Русская/Сем Алт/цп 0,01 гр. НОВИНКА!;30
Зелень;Зелень Мелисса Лимонный Аромат/Сем Алт/цп 0,1 гр. АПТЕКАРСКИЙ ОГОРОД!;30
Зелень;Зелень Мелисса Свежесть лекарственная/Сем Алт/цп 0,1 гр.;38
Зелень;Зелень Мята Перечная Пепперминт/Сем Алт/цп 0,05 гр.АПТЕКАРСКИЙ ОГОРОД!;42
Зелень;Зелень Мята Спирминт/Сем Алт/цп 0,05  гр.;44
Зелень;Зелень Огуречная Трава Гном/Сем Алт/цп 0,5 гр.;35
Зелень;Зелень Орегано Греческий/Сем Алт/цп 0,05 гр.;38
Зелень;Зелень Пажитник сенной Шамбала/Сем Алт/цп 1 гр. АПТЕКАРСКИЙ ОГОРОД!;38
Зелень;Зелень Пастернак Кулинар/Сем Алт/цп 1 гр.;32
Зелень;Зелень Петрушка Корневая сахарная/Сем Алт/цп 2 гр.;36
Зелень;Зелень Петрушка Листовая Богатырь/Сем Алт/цп 2 гр.;34
Зелень;Зелень Петрушка Листовая Итальянский Гигант/Сем Алт/цп 2 гр.;36
Зелень;Зелень Петрушка Листовая Леди Лета/Сем Алт/цп 2 гр.;35
Зелень;Зелень Петрушка Листовая Обыкновенная/Сем Алт/цп 2 гр.;35
Зелень;Зелень Петрушка Листовая Универсал/Сем Алт/цп 2 гр.;37
Зелень;Зелень Портулак Восточная Закуска огородный/Сем Алт/цп 0,1 гр.;30
Зелень;Зелень Пустырник Сердечный/Сем Алт/цп 0,1 гр. АПТЕКАРСКИЙ ОГОРОД!;38
Зелень;Зелень Расторопша пятнистая Здравница/Сем Алт/цп 1 гр. АПТЕКАРСКИЙ ОГОРОД!;35
Зелень;Зелень Репешок обыкновенный/Сем Алт/цп 0,1 гр. АПТЕКАРСКИЙ ОГОРОД!;34
Зелень;Зелень Розмарин Ароматный/Сем Алт/цп 0,03 гр.;58
Зелень;Зелень Ромашка Аптечная Айболит/Сем Алт/цп 0,2 гр. АПТЕКАРСКИЙ ОГОРОД!;32
Зелень;Зелень Рукола (Индау) Гурман/Сем Алт/цп 0,3 гр.;35
Зелень;Зелень Рукола (Индау) Гурман/Сем Алт/цп 1 гр.;39
Зелень;Зелень Рукола (Индау) Итальяно/Сем Алт/цп 1 гр.;39
Зелень;Зелень Рукола (Индау) Сицилия/Сем Алт/цп 1 гр.;39
Зелень;Зелень Рута Кружевница/Сем Алт/цп 0,1 гр. АПТЕКАРСКИЙ ОГОРОД!;32
Зелень;Зелень Салат Азарт/Сем Алт/цп 0,5 гр.;34
Зелень;Зелень Салат Айсберг/Сем Алт/цп 0,5 гр.;38
Зелень;Зелень Салат Аттракцион/Сем Алт/цп 0,5 гр.;35
Зелень;Зелень Салат Берлинский Желтый/Сем Алт/цп 0,5 гр.;35
Зелень;Зелень Салат Великие Озера-659/Сем Алт/цп 0,5 гр.;34
Зелень;Зелень Салат Витаминный/Сем Алт/цп 0,5 гр.;34
Зелень;Зелень Салат Зайка-Зазнайка/Сем Алт/цп 0,5 гр.;38
Зелень;Зелень Салат Иван да Марья смесь/Сем Алт/цп 0,5 гр. НОВИНКА!;37
Зелень;Зелень Салат Изумрудное Кружево/Сем Алт/цп 0,5 гр.;32
Зелень;Зелень Салат Король Рынка/Сем Алт/цп 0,5 гр.;35
Зелень;Зелень Салат Кудрявый Мальчонка/Сем Алт/цп 0,5 гр.;38
Зелень;Зелень Салат Кучерявец Одесский/Сем Алт/цп 0,5 гр.;35
Зелень;Зелень Салат Лолло Бионда/Сем Алт/цп 0,5 гр.;39
Зелень;Зелень Салат Лолло Росса/Сем Алт/цп 0,5 гр.;37
Зелень;Зелень Салат Майский Король/Сем Алт/цп 0,5 гр.;32
Зелень;Зелень Салат Молодо-Зелено/Сем Алт/цп 0,5 гр.;34
Зелень;Зелень Салат Московский Парниковый/Сем Алт/цп 0,5 гр.;35
Зелень;Зелень Салат Парижский Флирт/Сем Алт/цп 0,5 гр.;34
Зелень;Зелень Салат Пармезан/Сем Алт/цп 0,01 гр, НОВИНКА!;95
Зелень;Зелень Салат Пекин/Сем Алт/цп 0,5 гр. АЗИАТСКИЙ ОГОРОД!;34
Зелень;Зелень Салат Пять Чудес Смесь/Сем Алт/цп БОЛЬШОЙ ПАКЕТ! НОВИНКА!;75
Зелень;Зелень Салат Светофор Смесь/Сем Алт/цп 0,5 гр. НОВИНКА!;38
Зелень;Зелень Салат Спаржевый Уйсун/Сем Алт/цп 0,5 гр. АЗИАТСКИЙ ОГОРОД!;35
Зелень;Зелень Салат Фриллис F1/Сем Алт/цп 0,01 гр. Seminis (Голландские Семена);96
Зелень;Зелень Салат Цикорий Витаминный Коктейль/Сем Алт/цп 0,5 гр.;35
Зелень;Зелень Салат Цикорий Витлуф/Сем Алт/цп 0,5 гр.;35
Зелень;Зелень Салат Цикорий каталонский Кружевные Узоры/Сем Алт/цп 0,5 гр.;35
Зелень;Зелень Салат Цикорий кочанный Диетический/Сем Алт/цп 0,5 гр.;32
Зелень;Зелень Салат Цикорий листовой Сахарные Листочки/Сем Алт/цп 0,5 гр.;35
Зелень;Зелень Салат Чудо 4 сезонов/Сем Алт/цп 0,5 гр.;35
Зелень;Зелень Салат Эндивий Кладезь Витаминов/Сем Алт/цп 0,5 гр.;32
Зелень;Зелень Салат Эндивий Рецепт Здоровья/Сем Алт/цп 0,5 гр.;32
Зелень;Зелень Салат Эндивий Целебный Букет/Сем Алт/цп 0,5 гр.;35
Зелень;Зелень Сельдерей Корневой Пражский Гигант/Сем Алт/цп 0,5  гр.;35
Зелень;Зелень Сельдерей Листовой Бодрость/Сем Алт/цп 0,5 гр.;35
Зелень;Зелень Сельдерей Черешковый Парус/Сем Алт/цп 0,5 гр.;39
Зелень;Зелень Спаржа Аржентельская/Сем Алт/цп 0,5 гр.;55
Зелень;Зелень Стевия Медовая Трава/Сем Алт/цп 5 шт. АПТЕКАРСКИЙ ОГОРОД!;75
Зелень;Зелень Табак Берлей Краснодарский/Сем Алт/цп 0,01 гр.;36
Зелень;Зелень Табак Вирджиния 202 курительный/Сем Алт/цп 0,01 гр.;38
Зелень;Зелень Тимьян Медок/Сем Алт/цп 0,2 гр. АПТЕКАРСКИЙ ОГОРОД!;42
Зелень;Зелень Тмин Аппетитный/Сем Алт/цп 0,5 гр.;34
Зелень;Зелень Укроп Аллигатор/Сем Алт/цп 2 гр.;35
Зелень;Зелень Укроп Вологодские кружева/Сем Алт/цп 2 гр.;35
Зелень;Зелень Укроп Грибовский/Сем Алт/цп 2 гр.;35
Зелень;Зелень Укроп Дондигидон/Сем Алт/цп 2 гр.;32
Зелень;Зелень Укроп Карлик/Сем Алт/цп 2 гр.;35
Зелень;Зелень Укроп Кибрай/Сем Алт/цп 2 гр.;30
Зелень;Зелень Укроп Кустистый/Сем Алт/цп 2 гр.;35
Зелень;Зелень Укроп Лесногородский/Сем Алт/цп 2 гр.;30
Зелень;Зелень Укроп Мамонт/Сем Алт/цп 2 гр.;35
Зелень;Зелень Укроп На Пучок/Сем Алт/цп 2 гр.;37
Зелень;Зелень Укроп Обильнолистный/Сем Алт/цп 2 гр.;35
Зелень;Зелень Укроп Салют/Сем Алт/цп 2 гр.;35
Зелень;Зелень Укроп Супердукат ОЕ/Сем Алт/цп 2 гр.;28
Зелень;Зелень Укроп Узоры/Сем Алт/цп 2 гр.;30
Зелень;Зелень Фенхель Удалец/Сем Алт/цп 0,5 гр.;34
Зелень;Зелень Чабер Ароматный/Сем Алт/цп 0,2 гр.;35
Зелень;Зелень Чабер Ароматный/Сем Алт/цп 0,5 гр.;34
Зелень;Зелень Чернокорень Лекарственный/Сем Алт/цп 0,1 гр. АПТЕКАРСКИЙ ОГОРОД!;38
Зелень;Зелень Шалфей Мускатный/Сем Алт/цп 0,1 гр.;35
Зелень;Зелень Шпинат Витаминный Король/Сем Алт/цп 1 гр.;30
Зелень;Зелень Шпинат Жирнолистный/Сем Алт/цп 1 гр.;35
Зелень;Зелень Шпинат Зимний Гигант/Сем Алт/цп 1 гр.;32
Зелень;Зелень Шпинат Зимний Гигант/Сем Алт/цп 1 гр. УРОЖАЙ НА ОКНЕ!;32
Зелень;Зелень Шпинат Матадор/Сем Алт/цп 1 гр.;24
Зелень;Зелень Шпинат Новозеландский/Сем Алт/цп 1 гр.;38
Зелень;Зелень Щавель Бабушкины Щи/Сем Алт/цп 0,5 гр.;35
Зелень;Зелень Щавель Бельвильский/Сем Алт/цп 0,5 гр.;30
Зелень;Зелень Щавель Кроваво-Красный/Сем Алт/цп 0,05 гр.;37
Зелень;Зелень Щавель Крупнолистный/Сем Алт/цп 0,5 гр.;30
Зелень;Зелень Щавель Широколистный/Сем Алт/цп 0,5 гр.;35
Зелень;Зелень Эстрагон Тархун/Сем Алт/цп 0,05 гр.;38
Зелень;Микрозелень Горох/Сем Алт/цп 10 гр.НОВИНКА! МИКРОЗЕЛЕНЬ!;30
Зелень;Микрозелень Горчица/Сем Алт/цп 5 гр. НОВИНКА! МИКРОЗЕЛЕНЬ!;34
Зелень;Микрозелень Кресс-салат Весенний/Сем Алт/цп 1 гр.НОВИНКА! МИКРОЗЕЛЕНЬ!;35
Зелень;Микрозелень Подсолнечник/Сем Алт/цп 10 гр. НОВИНКА! МИКРОЗЕЛЕНЬ!;34
Кабачок;Кабачок 13 Стульев/Сем Алт/цп 2 гр.;39
Кабачок;Кабачок Ананасный/Сем Алт/цп 2 гр.;39
Кабачок;Кабачок Аппетитный Горшочек/Сем Алт/цп 1 гр.;44
Кабачок;Кабачок Аэронавт (Цуккини)/Сем Алт/цп 2 гр.;35
Кабачок;Кабачок Бабье Счастье/Сем Алт/цп 2 гр.;39
Кабачок;Кабачок Бананы на Грядке F1/Сем Алт/цп 1 гр.;55
Кабачок;Кабачок Белоплодные/Сем Алт/цп 2 гр.;30
Кабачок;Кабачок Белуха/Сем Алт/цп 2 гр. Сибирская Селекция!;39
Кабачок;Кабачок Важный Господин/Сем Алт/цп 2 гр.;39
Кабачок;Кабачок Грибовские 37/Сем Алт/цп 2 гр.;34
Кабачок;Кабачок Гуси-Лебеди/Сем Алт/цп 1 гр. НОВИНКА!;48
Кабачок;Кабачок Джеймс Бонд/Сем Алт/цп 2 гр.;39
Кабачок;Кабачок Для Гриля/Сем Алт/цп 2 гр.;39
Кабачок;Кабачок Желтоплодный-Цуккини/Сем Алт/цп 2 гр.;36
Кабачок;Кабачок Зебра/Сем Алт/цп 2 гр.;35
Кабачок;Кабачок Золотинка-Цуккини/Сем Алт/цп 2 гр.;39
Кабачок;Кабачок Искандер F1/Сем Алт/цп 5 шт. Seminis (Голландские Семена);98
Кабачок;Кабачок Крокодил Гена/Сем Алт/цп 2 гр.;36
Кабачок;Кабачок Лимонадный Джо/Сем Алт/цп 2 гр.;39
Кабачок;Кабачок Негритенок (Цуккини)/Сем Алт/цп 2 гр.;38
Кабачок;Кабачок Ролик/Сем Алт/цп 2 гр.;34
Кабачок;Кабачок С Кулачок/Сем Алт/цп 1 гр.;44
Кабачок;Кабачок Скворушка (Цуккини)/Сем Алт/цп 2 гр.;32
Кабачок;Кабачок Спагетти Равиоло/Сем Алт/цп 1 гр.;36
Кабачок;Кабачок Сударь/Сем Алт/цп 2 гр.;30
Кабачок;Кабачок Усатый Полосатый/Сем Алт/цп 2 гр.;36
Кабачок;Кабачок Фараон/Сем Алт/цп 2 гр.;35
Кабачок;Кабачок Фаршировочный/Сем Алт/цп 2 гр.;36
Кабачок;Кабачок Цукеша-цукини/Сем Алт/цп 2 гр.;35
Кабачок;Кабачок Черный Красавец-Цуккини/Сем Алт/цп 2 гр.;39
Кабачок;Кабачок Якорь/Сем Алт/цп 2 гр.;34
Капуста;Капуста Амагер 611/Сем Алт/цп 0,3 гр.;32
Капуста;Капуста Антикиллер/Сем Алт/цп 0,3 гр.;52
Капуста;Капуста Атрия F1/Сем Алт/цп 12 шт. Seminis (Голландские Семена);75
Капуста;Капуста Белорусская 455/Сем Алт/цп 0,5 гр.;28
Капуста;Капуста Белтис F1/Сем Алт/цп 15 шт. Seminis (Голландские Семена);91
Капуста;Капуста Брокколи Абсент F1/Сем Алт/цп 10 шт. НОВИНКА!;85
Капуста;Капуста Брокколи Калабрезе/Сем Алт/цп 0,5 гр.;37
Капуста;Капуста Брокколи Лорд F1/Сем Алт/цп 15 шт. Seminis (Голландские Семена);89
Капуста;Капуста Брокколи Мультивитамин/Сем Алт/цп 0,3 гр. НОВИНКА! СЕРИЯ ЧЕМПИОНЫ ПОЛЬЗЫ!;49
Капуста;Капуста Брокколи Тонус/Сем Алт/цп 0,3 гр.;30
Капуста;Капуста Брокколи Цезарь/Сем Алт/цп 0,3 гр.;35
Капуста;Капуста Брюссельская Лонг Айленд/Сем Алт/цп 0,3 гр.;35
Капуста;Капуста Брюссельская Лонг Айленд/Сем Алт/цп 0,5 гр.;34
Капуста;Капуста Брюссельская Рубиновые Бусы/Сем Алт/цп 0,1 гр.;38
Капуста;Капуста Брюссельская Сандра/Сем Алт/цп  0,5 гр.;34
Капуста;Капуста Брюссельская Сапфир/Сем Алт/цп 0,1 гр.;34
Капуста;Капуста Валентина F1/Сем Алт/цп 0,1 гр.;70
Капуста;Капуста Вестри F1/Сем Алт/цп 15 шт. Seminis (Голландские Семена);100
Капуста;Капуста Вьюга/Сем Алт/цп 0,5 гр. Сибирская Селекция!;38
Капуста;Капуста Грин Флэш F1/Сем Алт/цп 15 шт. Seminis (Голландские Семена);90
Капуста;Капуста Доминанта F1/Сем Алт/цп 0,1 гр. (улучшенный колобок);64
Капуста;Капуста Зимовка 1474/Сем Алт/цп 0,5 гр.;34
Капуста;Капуста Золотой Гектар 1432/Сем Алт/цп 0,3 гр.;31
Капуста;Капуста Июньская/Сем Алт/цп 0,5 гр.;34
Капуста;Капуста Казачок F1/Сем Алт/цп 0,1 гр.;42
Капуста;Капуста Каменная Голова/Сем Алт/цп 0,3 гр.;37
Капуста;Капуста Китайская Пак Чой/Сем Алт/цп 0,3 гр. АЗИАТСКИЙ ОГОРОД!;35
Капуста;Капуста Китайская Ши Хо/Сем Алт/цп 0,3 гр. АЗИАТСКИЙ ОГОРОД!;35
Капуста;Капуста Колобок F1/Сем Алт/цп 0,1 гр.;39
Капуста;Капуста Кольраби Венская Белая 1350/Сем Алт/цп 0,3 гр.;35
Капуста;Капуста Кольраби Виолетта/Сем Алт/цп 0,3 гр.;35
Капуста;Капуста Кольраби Гигант/Сем Алт/цп 0,3 гр.;31
Капуста;Капуста Коля F1/Сем Алт/цп 15 шт. Seminis (Голландские Семена);85
Капуста;Капуста Краснокочанная Вегетарианка/Сем Алт/цп 0,3 гр. НОВИНКА! СЕРИЯ ЧЕМПИОНЫ ПОЛЬЗЫ!;40
Капуста;Капуста Краснокочанная Марс МС/Сем Алт/цп 0,3 гр.;34
Капуста;Капуста Краснокочанная Поздняя Красавица/Сем Алт/цп 0,3 гр.;35
Капуста;Капуста Краснокочанная Рубин МС/Сем Алт/цп 0,3 гр.;35
Капуста;Капуста Краснокочанная Топаз/Сем Алт/цп 0,3 гр.;35
Капуста;Капуста Мегатон F1/Сем Алт/цп 10 шт. Bejo (Голландские Семена);95
Капуста;Капуста Морозко/Сем Алт/цп 0,3 гр.;32
Капуста;Капуста Московская поздняя 15/Сем Алт/цп 0,5 гр.;34
Капуста;Капуста Надежда/Сем Алт/цп 0,5 гр.;35
Капуста;Капуста Номер первый Грибовский 147/Сем Алт/цп 0,5 гр.;30
Капуста;Капуста Пекинская Гранат/Сем Алт/цп 0,3 гр. АЗИАТСКИЙ ОГОРОД!;35
Капуста;Капуста Пекинская Любаша/Сем Алт/цп 0,3 гр. АЗИАТСКИЙ ОГОРОД!;35
Капуста;Капуста Подарок/Сем Алт/цп 0,5 гр.;34
Капуста;Капуста Просто-Квашено/Сем Алт/цп 0,3 гр.;38
Капуста;Капуста Ринда F1/Сем Алт/цп 10 шт. Seminis (Голландские Семена);75
Капуста;Капуста Ринда F1/Сем Алт/цп 12 шт. Seminis (Голландские Семена);84
Капуста;Капуста Савойская Зеленое Кружево/Сем Алт/цп 0,3 гр.;34
Капуста;Капуста Савойская Фиолетовое Кружево/Сем Алт/цп 0,3 гр.;34
Капуста;Капуста СБ-3 F1/Сем Алт/цп 0,1 гр.;38
Капуста;Капуста Сердце Буйвола/Сем Алт/цп 0,5 гр.;34
Капуста;Капуста Сибирская Пирамида/Сем Алт/цп 0,5 гр.;36
Капуста;Капуста Сибирский Гигант/Сем Алт/цп 0,3 гр. СЕРИЯ СИБИРСКИЕ ГИГАНТЫ!;39
Капуста;Капуста Сибирячка 60/Сем Алт/цп 0,5 гр. Сибирская Селекция!;34
Капуста;Капуста Слава 1305/Сем Алт/цп 0,5 гр.;34
Капуста;Капуста Сорви Голова F1/Сем Алт/цп 0,1 гр.;42
Капуста;Капуста Сто Одежек/Сем Алт/цп 0,3 гр.;37
Капуста;Капуста Точка/Сем Алт/цп 0,5 гр.;36
Капуста;Капуста Трансфер F1/Сем Алт/цп 0,1 гр.;39
Капуста;Капуста Цветная Альфа/Сем Алт/цп 0,3 гр.;39
Капуста;Капуста Цветная Балдо F1/Сем Алт/цп 10 шт. Seminis (Голландские Семена);190
Капуста;Капуста Цветная Винсон F1/Сем Алт/цп 10 шт. Seminis (Голландские Семена);145
Капуста;Капуста Цветная Дачница/Сем Алт/цп 0,3 гр.;39
Капуста;Капуста Цветная Изумрудная Королева/Сем Алт/цп 0,3 гр.;38
Капуста;Капуста Цветная Иностранки Смесь/Сем Алт/цп 0,9 гр. БОЛЬШОЙ ПАКЕТ!;75
Капуста;Капуста Цветная Малимба F1/Сем Алт/цп 10 шт. Seminis (Голландские Семена);135
Капуста;Капуста Цветная Марвел 4 Сеазонс (4 Сезона)/Сем Алт/цп 0,3 гр.;39
Капуста;Капуста Цветная Мовир 74/Сем Алт/цп 0,3 гр.;39
Капуста;Капуста Цветная Оранжевая Королева/Сем Алт/цп 0,3 гр. НОВИНКА!;38
Капуста;Капуста Цветная Романеско/Сем Алт/цп 0,3 гр.;39
Капуста;Капуста Цветная Снежная Баба F1/Сем Алт/цп 10 шт. НОВИНКА!;115
Капуста;Капуста Цветная Сноуболл 123/Сем Алт/цп 0,3 гр.;39
Капуста;Капуста Цветная Столичная Штучка F1/Сем Алт/цп 10 шт.;145
Капуста;Капуста Цветная Стройняшка/Сем Алт/цп 0,3 гр. НОВИНКА! СЕРИЯ ЧЕМПИОНЫ ПОЛЬЗЫ!;58
Капуста;Капуста Цветная Фиолетовая Королева/Сем Алт/цп 0,1 гр.;37
Картофель в семенах;Картофель Импала/Сем Алт/цп 0,02 гр. НОВИНКА!;31
Картофель в семенах;Картофель Пикассо/Сем Алт/цп 0,02 гр. НОВИНКА!;31
Картофель в семенах;Картофель Ривьера/Сем Алт/цп 0,02 гр. НОВИНКА!;31
Кукуруза;Кукуруза Былина/Сем Алт/цп 3 гр.;39
Кукуруза;Кукуруза Кубанский Сахарный 210/Сем Алт/цп 5 гр.;34
Кукуруза;Кукуруза Лакомка Белогорья/Сем Алт/цп 5 гр.;34
Кукуруза;Кукуруза Поп Корн/Сем Алт/цп 5 гр.;37
Кукуруза;Кукуруза Сластена/Сем Алт/цп 5 гр.;38
Кукуруза;Кукуруза Станичник/Сем Алт/цп 3 гр.;39
Кукуруза;Кукуруза Тройная Сладость/Сем Алт/цп 5 гр.;35
Кукуруза;Кукуруза Утренняя Песня Сахарная F1/Сем Алт/цп 5 гр.;34
Кукуруза;Кукуруза Хуторянка/Сем Алт/цп 3 гр.;39
Кукуруза;Кукуруза Царевица/Сем Алт/цп 5 гр.;35
Лук;Лук Айлса Грейг/Сем Алт/цп 0,2 гр. НОВИНКА!;39
Лук;Лук Батун Апрельский/Сем Алт/цп 1 гр.;38
Лук;Лук Батун Нежность/Сем Алт/цп 1 гр.;39
Лук;Лук Батун Пьеро/Сем Алт/цп 1 гр.;37
Лук;Лук Батун Русский Зимний/Сем Алт/цп 1 гр.;39
Лук;Лук Беннито F1/Сем Алт/цп 0,2 гр. Seminis (Голландские Семена);55
Лук;Лук Брунсвик/Сем Алт/цп 0,5 гр.;33
Лук;Лук Душистый Китайский Чеснок/Сем Алт/цп 0,3 гр;34
Лук;Лук Душистый Китайский Чеснок/Сем Алт/цп 0,5 гр НОВИНКА!;32
Лук;Лук Душистый Чесночный Аромат/Сем Алт/цп 0,3 гр;34
Лук;Лук Здоровья Друг/Сем Алт/цп 0,2 гр. НОВИНКА! СЕРИЯ ЧЕМПИОНЫ ПОЛЬЗЫ!;77
Лук;Лук Золотничок/Сем Алт/цп 0,5 гр.;34
Лук;Лук Каратальский/Сем Алт/цп 0,5 гр.;34
Лук;Лук Каратальский/Сем Алт/цп 1 гр.;39
Лук;Лук Кармен МС/Сем Алт/цп 0,5 гр.;39
Лук;Лук Мячковский 300/Сем Алт/цп 0,5 гр.;37
Лук;Лук на зелень Белый Пучок/Сем Алт/цп 0,5 гр.;39
Лук;Лук на зелень Грин Баннер/Сем Алт/цп 0,2 гр. Seminis (Голландские Семена);44
Лук;Лук на зелень и мини-головку Ранний Пучок/Сем Алт/цп 0,3 гр.;37
Лук;Лук на зелень и мини-головку Ранний Пучок/Сем Алт/цп 0,5 гр.;38
Лук;Лук на Зелень Красный Пучок/Сем Алт/цп 0,3 гр;34
Лук;Лук на зелень Перо Жар-Птицы/Сем Алт/цп 0,5 гр.;37
Лук;Лук на Зелень/Сем Алт/цп 0,5 гр.;32
Лук;Лук на Зелень/Сем Алт/цп 0,5 гр. УРОЖАЙ НА ОКНЕ;38
Лук;Лук на Перо Перформер/Сем Алт/цп 0,2 гр. Bejo (Голландские Семена);48
Лук;Лук Ни Слезинки/Сем Алт/цп 0,2 гр.;77
Лук;Лук Одинцовец/Сем Алт/цп 0,5 гр.;33
Лук;Лук Одинцовец/Сем Алт/цп 1 гр.;32
Лук;Лук Порей Зимний Гигант/Сем Алт/цп 1 гр.;39
Лук;Лук Порей Карантанский/Сем Алт/цп 1 гр.;39
Лук;Лук Порей Сибирский Гигант/Сем Алт/цп 0,5 гр. СЕРИЯ СИБИРСКИЕ ГИГАНТЫ!;42
Лук;Лук Порей Сибирский Гигант/Сем Алт/цп 1 гр. СЕРИЯ СИБИРСКИЕ ГИГАНТЫ!;49
Лук;Лук Порей Элефант МС/Сем Алт/цп 1 гр.;38
Лук;Лук Ред Барон/Сем Алт/цп 0,5 гр.;38
Лук;Лук Сибирский Гигант/Сем Алт/цп 0,2 гр. НОВИНКА! СЕРИЯ СИБИРСКИЕ ГИГАНТЫ!;57
Лук;Лук Стригуновский Местный/Сем Алт/цп 1 гр.;36
Лук;Лук Стурон/Сем Алт/цп 0,5 гр.;36
Лук;Лук Халцедон/Сем Алт/цп 1 гр.;40
Лук;Лук Черемша алтайская/Сем Алт/цп 0,3 гр. НОВИНКА!;42
Лук;Лук Чипполино/Сем Алт/цп 0,5  гр.;38
Лук;Лук Шалот Шарлотта/Сем Алт/цп 0,3 гр.;57
Лук;Лук Шнитт Медунок/Сем Алт/цп 0,5 гр.;39
Лук;Лук Штутгартер Ризен/Сем Алт/цп 1 гр.;38
Лук;Лук Эксибишен/Сем Алт/цп 0,2 гр. Bejo (Голландские Семена);77
Лук;Лук Ялтинский/Сем Алт/цп 0,2 гр. НОВИНКА!;35
Мангольд;Мангольд Изумруд/Сем Алт/цп 1 гр.;35
Мангольд;Мангольд Рубин/Сем Алт/цп 1 гр.;34
Микрозелень;Зелень Кресс-Салат Ажур/Сем Алт/цп 1 гр.;30
Микрозелень;Зелень Кресс-Салат Забава/Сем Алт/цп 1 гр.;35
Микрозелень;Микрозелень Базилик Ароматный микс/Сем Алт/цп 1 гр. НОВИНКА! МИКРОЗЕЛЕНЬ;45
Микрозелень;Микрозелень Горох/Сем Алт/цп 10 гр.НОВИНКА! МИКРОЗЕЛЕНЬ!;30
Микрозелень;Микрозелень Горчица/Сем Алт/цп 5 гр. НОВИНКА! МИКРОЗЕЛЕНЬ!;34
Микрозелень;Микрозелень Кресс-салат Весенний/Сем Алт/цп 1 гр.НОВИНКА! МИКРОЗЕЛЕНЬ!;35
Микрозелень;Микрозелень Кукуруза Сахарная/Сем Алт/цп 5 гр. НОВИНКА! МИКРОЗЕЛЕНЬ!;37
Микрозелень;Микрозелень Подсолнечник/Сем Алт/цп 10 гр. НОВИНКА! МИКРОЗЕЛЕНЬ!;34
Морковь;Морковь Амстердамска/Сем Алт/цп 2 гр.;39
Морковь;Морковь Без Сердцевины (Вита Лонга)/Сем Алт/цп 2 гр.;39
Морковь;Морковь Витаминная 6/Сем Алт/цп 2 гр.;39
Морковь;Морковь Девочка-Припевочка/Сем Алт/цп 2 гр.;42
Морковь;Морковь Детская Сладкая/Сем Алт/цп 2 гр.;42
Морковь;Морковь Длинная Красная Без Сердцевины/Сем Алт/цп 2 гр.;39
Морковь;Морковь Для Плова/Сем Алт/цп 1 гр.;38
Морковь;Морковь Для Плова/Сем Алт/цп 2 гр.;44
Морковь;Морковь Долянка/Сем Алт/цп 2 гр.;39
Морковь;Морковь Император/Сем Алт/цп 2 гр.;48
Морковь;Морковь Канада F1/Сем Алт/цп 0,2 гр. Bejo (Голландские Семена);75
Морковь;Морковь Королева Осени/Сем Алт/цп 2 гр.;42
Морковь;Морковь Красна Девица/Сем Алт/цп 2 гр.;39
Морковь;Морковь Лосиноостровская 13/Сем Алт/цп 2 гр.;39
Морковь;Морковь Мармеладница/Сем Алт/цп 2 гр.;39
Морковь;Морковь Медовый Поцелуй/Сем Алт/цп 2 гр.;39
Морковь;Морковь Милашка/Сем Алт/цп 2 гр.;39
Морковь;Морковь Московская зимняя А 515/Сем Алт/цп 2 гр.;38
Морковь;Морковь Нантская 4/Сем Алт/цп 2 гр.;42
Морковь;Морковь НИИОХ 336/Сем Алт/цп 2 гр.;39
Морковь;Морковь Осенний Король/Сем Алт/цп 2 гр.;39
Морковь;Морковь Осенняя Забава/Сем Алт/цп 0,5 гр.;57
Морковь;Морковь Принцесса Шанхая/Сем Алт/цп 1 гр. АЗИАТСКИЙ ОГОРОД!;38
Морковь;Морковь Роте Ризен (Красный Великан)/Сем Алт/цп 2 гр.;39
Морковь;Морковь Самая Ранняя/Сем Алт/цп 1 гр.;42
Морковь;Морковь Самсон/Сем Алт/цп 0,5 гр. Bejo (Голландские Семена);55
Морковь;Морковь Санта Круз F1/Сем Алт/цп 0,3 гр. Seminis (Голландские Семена);65
Морковь;Морковь Соната/Сем Алт/цп 1 гр. Сибирская Селекция!;37
Морковь;Морковь Супервитаминная/Сем Алт/цп 2 гр. СЕРИЯ ЧЕМПИОНЫ ПОЛЬЗЫ!;50
Морковь;Морковь Тушон/Сем Алт/цп 2 гр.;42
Морковь;Морковь Флакке/Сем Алт/цп 2 гр.;41
Морковь;Морковь Форто/Сем Алт/цп 2 гр.;42
Морковь;Морковь Чурчхела Белая/Сем Алт/цп 0,2 гр.;58
Морковь;Морковь Чурчхела Желтая/Сем Алт/цп 0,2 гр.;58
Морковь;Морковь Чурчхела Красная/Сем Алт/цп 0,2 гр.;58
Морковь;Морковь Чурчхела Смесь/Сем Алт/цп 0,2 гр.;58
Морковь;Морковь Чурчхела Фиолетовая/Сем Алт/цп 0,2 гр.;58
Морковь;Морковь Шантенэ 2461/Сем Алт/цп 2 гр.;42
Морковь;Морковь Шантенэ Роял/Сем Алт/цп 2 гр.;44
НАБОРЫ СЕМЯН;Зелень Салат Пять Чудес Смесь/Сем Алт/цп БОЛЬШОЙ ПАКЕТ! НОВИНКА!;75
НАБОРЫ СЕМЯН;Капуста Цветная Иностранки Смесь/Сем Алт/цп 0,9 гр. БОЛЬШОЙ ПАКЕТ!;75
Огурец;Огурец Алтай/Сем Алт/цп 0,5 гр. Сибирская Селекция!;38
Огурец;Огурец Аннушка F1/Сем Алт/цп 0,3 гр;42
Огурец;Огурец Аполлон F1/Сем Алт/цп 6 шт.;49
Огурец;Огурец Апрельский (ТСХА 98) F1/Сем Алт/цп 0,3 гр.;55
Огурец;Огурец Аты-Баты/Сем Алт/цп 8 шт.;39
Огурец;Огурец Балконный F1/Сем Алт/цп 5 шт.;58
Огурец;Огурец Бидретта F1/Сем Алт/цп 0,3 гр.;39
Огурец;Огурец Блондинчик/Сем Алт/цп 0,5 гр.;42
Огурец;Огурец Братец Иванушка F1/Сем Алт/цп 0,3 гр.;42
Огурец;Огурец Буян F1/Сем Алт/цп 5 шт.;58
Огурец;Огурец Бэби Мини F1/Сем Алт/цп 5 шт. Seminis (Голландские Семена);135
Огурец;Огурец Верные друзья F1/Сем Алт/цп 5 шт.;56
Огурец;Огурец Водолей/Сем Алт/цп 0,3 гр.;35
Огурец;Огурец Вязниковский 37/Сем Алт/цп 0,5 гр.;35
Огурец;Огурец Вятский F1/Сем Алт/цп 6 шт.;78
Огурец;Огурец Галина F1/Сем Алт/цп 5 шт. Seminis (Голландские Семена);59
Огурец;Огурец Герман F1/Сем Алт/цп 5 шт. Seminis (Голландские Семена);121
Огурец;Огурец Голубчик F1/Сем Алт/цп 0,3 гр.;39
Огурец;Огурец Городской Огурчик F1/Сем Алт/цп 5 шт. УРОЖАЙ НА ОКНЕ!;58
Огурец;Огурец Дальневосточный 27/Сем Алт/цп 0,5 гр.;34
Огурец;Огурец Емеля F1/Сем Алт/цп 5 шт.;55
Огурец;Огурец Журавленок F1/Сем Алт/цп 0,3 гр.;42
Огурец;Огурец Закусочный/Сем Алт/цп 0,5 гр.;38
Огурец;Огурец Засолочный/Сем Алт/цп 0,3 гр.;32
Огурец;Огурец Засолочный/Сем Алт/цп 0,5 гр.;28
Огурец;Огурец Зозуля F1 (ТСХА 77)/Сем Алт/цп 0,3 гр.;55
Огурец;Огурец Зубренок F1/Сем Алт/цп 0,3 гр.;38
Огурец;Огурец Изобильный F1/Сем Алт/цп 0,3 гр.;45
Огурец;Огурец Изящный/Сем Алт/цп 0,5 гр.;34
Огурец;Огурец Ира F1/Сем Алт/цп 0,3 гр.;42
Огурец;Огурец Китайский Джин №1 F1/Сем Алт/цп 6 шт. КИТАЙСКАЯ СЕРИЯ;58
Огурец;Огурец Китайский Холодоустойчивый F1/Сем Алт/цп 6 шт. КИТАЙСКАЯ СЕРИЯ;58
Огурец;Огурец Козырная Карта F1/Сем Алт/цп 5 шт.;55
Огурец;Огурец Комарик F1/Сем Алт/цп 5 шт.;75
Огурец;Огурец Конкурент/Сем Алт/цп 0,5 гр.;35
Огурец;Огурец Конни F1/Сем Алт/цп 6 шт.;55
Огурец;Огурец Корюшка F1/Сем Алт/цп 5 шт. НОВИНКА!;175
Огурец;Огурец Кустовой/Сем Алт/цп 0,5 гр.;38
Огурец;Огурец Левина Микс F1/Сем Алт/цп 0,3 гр.;40
Огурец;Огурец Либелле F1/Сем Алт/цп 0,3 гр.;42
Огурец;Огурец Мазай F1/Сем Алт/цп 5 шт.;49
Огурец;Огурец Маленький Хрустик F1/Сем Алт/цп 5 шт.;75
Огурец;Огурец Малыш/Сем Алт/цп 0,3 гр.;35
Огурец;Огурец Мальчик-с-пальчик F1/Сем Алт/цп 5 шт.;48
Огурец;Огурец Маринда F1/Сем Алт/цп 5 шт. Seminis (Голландские Семена);85
Огурец;Огурец Матрешка F1/Сем Алт/цп 5 шт.;58
Огурец;Огурец Маша F1/Сем Алт/цп 5 шт. Seminis (Голландские Семена);115
Огурец;Огурец Миг/Сем Алт/цп 0,5 гр.;38
Огурец;Огурец Мила F1/Сем Алт/цп 5 шт. Seminis (Голландские Семена);137
Огурец;Огурец Младший Лейтенант F1/Сем Алт/цп 5 шт.;55
Огурец;Огурец Моравский Корнишон F1/Сем Алт/цп 0,3 гр.;41
Огурец;Огурец Муравей F1/Сем Алт/цп 5 шт.;58
Огурец;Огурец Надюша F1/Сем Алт/цп 8 шт. Seminis (Голландские Семена);82
Огурец;Огурец Нежинский/Сем Алт/цп 0,5 гр.;35
Огурец;Огурец Обильный/Сем Алт/цп 0,5 гр.;38
Огурец;Огурец Пальчик/Сем Алт/цп 0,3 гр.;34
Огурец;Огурец Пальчик/Сем Алт/цп 0,5 гр.;32
Огурец;Огурец Парижский Корнишон/Сем Алт/цп 0,5 гр.;38
Огурец;Огурец Перента F1/Сем Алт/цп 0,3 гр.;42
Огурец;Огурец Подмосковные Вечера F1/Сем Алт/цп 5 шт.;55
Огурец;Огурец Простой Холостой F1/Сем Алт/цп 10 шт.;60
Огурец;Огурец Пучковая Семейка F1/Сем Алт/цп 5 шт.;85
Огурец;Огурец Пучковый Бум F1/Сем Алт/цп 5 шт.;175
Огурец;Огурец Ребята-Пикулята F1/Сем Алт/цп 5 шт.;185
Огурец;Огурец Родничок F1/Сем Алт/цп 0,3 гр.;42
Огурец;Огурец Селедочка F1/Сем Алт/цп 5 шт. НОВИНКА!;135
Огурец;Огурец Семеро Козлят F1/Сем Алт/цп 5 шт.;85
Огурец;Огурец Серпантин/Сем Алт/цп 0,5 гр. Сибирская Селекция!;34
Огурец;Огурец Сестрица Аленушка F1/Сем Алт/цп 0,3 гр.;39
Огурец;Огурец Сибирский Гигант F1/Сем Алт/цп 10 шт. СЕРИЯ СИБИРСКИЕ ГИГАНТЫ!;58
Огурец;Огурец Сибирский Пучок F1/Сем Алт/цп 5 шт.;145
Огурец;Огурец Соленые Уши F1/Сем Алт/цп 0,3 гр.;42
Огурец;Огурец Соловей F1/Сем Алт/цп 0,3 гр.;39
Огурец;Огурец Спальчик F1/Сем Алт/цп 5 шт.;85
Огурец;Огурец Спальчик F1/Сем Алт/цп 6 шт.;88
Огурец;Огурец Тополек F1/Сем Алт/цп 0,3 гр.;41
Огурец;Огурец Феникс/Сем Алт/цп 0,5 гр.;34
Огурец;Огурец Хабар/Сем Алт/цп 0,3 гр.;32
Огурец;Огурец Хрустящий Пучок F1/Сем Алт/цп 5 шт.;75
Огурец;Огурец Царская Охота F1/Сем Алт/цп 5 шт.;78
Огурец;Огурец Чародей F1/Сем Алт/цп 5 шт.;65
Огурец;Огурец Чародей F1/Сем Алт/цп 6 шт.;68
Огурец;Огурец Чижик F1/Сем Алт/цп 8 шт.;35
Огурец;Огурец Шик F1/Сем Алт/цп 5 шт.;68
Огурец;Огурец Шик F1/Сем Алт/цп 6 шт.;64
Огурец;Огурец Шопа F1/Сем Алт/цп 5 шт. НОВИНКА!;185
Огурец;Огурец Ясельная Группа  F1/Сем Алт/цп 5 шт.;145
Патиссон;Патиссон Белые 13/Сем Алт/цп 1 гр.;30
Патиссон;Патиссон Диск/Сем Алт/цп 1 гр.;28
Патиссон;Патиссон Зонтик/Сем Алт/цп 1 гр.;30
Патиссон;Патиссон Муми-Тролль/Сем Алт/цп 1 гр.;34
Патиссон;Патиссон НЛО Оранжевый /Сем Алт/цп 1 гр.;36
Патиссон;Патиссон НЛО Оранжевый /Сем Алт/цп 2 гр.;30
Патиссон;Патиссон Пятачок/Сем Алт/цп 1 гр.;34
Патиссон;Патиссон Солнышко/Сем Алт/цп 1 гр.;34
Патиссон;Патиссон Чебурашка/Сем Алт/цп 1 гр.;32
Перец;Перец Али-Баба/Сем Алт/цп 0,1 гр. Наша Селекция!;55
Перец;Перец Алтайский Плодовитый/Сем Алт/цп 0,1 гр.;58
Перец;Перец Алтынай/Сем Алт/цп 0,1 гр. НОВИНКА!;58
Перец;Перец Атлант/Сем Алт/цп 0,1 гр.;48
Перец;Перец Бабкин Язык/Сем Алт/цп 0,1 гр.;59
Перец;Перец Багира/Сем Алт/цп 0,1 гр. Наша Селекция!;46
Перец;Перец Бегемот/Сем Алт/цп 0,1 гр. Наша Селекция!;48
Перец;Перец Белозерка/Сем Алт/цп 0,1 гр.;30
Перец;Перец Белозерка/Сем Алт/цп 0,2 гр.;34
Перец;Перец Богатырь/Сем Алт/цп 0,1 гр.;35
Перец;Перец Болгарин/Сем Алт/цп 0,1 гр.;38
Перец;Перец Боярин/Сем Алт/цп 0,1 гр. Наша Селекция!;44
Перец;Перец Буратино/Сем Алт/цп 0,1 гр.;42
Перец;Перец Бухгалтер/Сем Алт/цп 10 шт.;65
Перец;Перец Венти/Сем Алт/цп 0,2 гр.;30
Перец;Перец Винни-Пух/Сем Алт/цп 0,1 гр.;37
Перец;Перец Вождь Краснокожих/Сем Алт/цп 0,1 гр. Наша Селекция!;48
Перец;Перец Воловье Ухо/Сем Алт/цп 0,1 гр.;37
Перец;Перец Геракл/Сем Алт/цп 0,2 гр.;37
Перец;Перец Джипси F1/Сем Алт/цп 5 шт. Seminis (Голландские Семена);156
Перец;Перец Дон Педро/Сем Алт/цп 0,1 гр.;37
Перец;Перец Дон Педро/Сем Алт/цп 0,2 гр.;39
Перец;Перец Желтый Витамин/Сем Алт/цп 0,1  гр. СЕРИЯ ЧЕМПИОНЫ ПОЛЬЗЫ!;60
Перец;Перец Желтый Колокол/Сем Алт/цп 0,2 гр.;45
Перец;Перец Золотая Пирамида/Сем Алт/цп 0,1 гр. Сибирская Селекция!;39
Перец;Перец Золотой Слиток/Сем Алт/цп 0,1 гр. Наша Селекция!;48
Перец;Перец Золотой Теленок/Сем Алт/цп 0,1 гр. Наша Селекция!;48
Перец;Перец Золотой Юбилей/Сем Алт/цп 0,1 гр.;38
Перец;Перец Золотой Юбилей/Сем Алт/цп 0,2 гр.;32
Перец;Перец Йоло Чудо/Сем Алт/цп 0,1 гр.;32
Перец;Перец Йоло Чудо/Сем Алт/цп 0,2 гр.;36
Перец;Перец Калифорнийское Чудо красное/Сем Алт/цп 0,1 гр.;38
Перец;Перец Калифорнийское Чудо красное/Сем Алт/цп 0,2 гр.;36
Перец;Перец Карась/Сем Алт/цп 10 шт.;68
Перец;Перец Китайские Фонарики/Сем Алт/цп 0,1 гр. АЗИАТСКИЙ ОГОРОД!;36
Перец;Перец Колобок/Сем Алт/цп 0,2 гр.;39
Перец;Перец Конь/Сем Алт/цп 10 шт. НОВИНКА!;68
Перец;Перец Купец/Сем Алт/цп 0,2 гр.;34
Перец;Перец Ласточка/Сем Алт/цп 0,1 гр.;34
Перец;Перец Ласточка/Сем Алт/цп 0,2 гр.;32
Перец;Перец Лечо/Сем Алт/цп 0,1 гр.;38
Перец;Перец Морозко/Сем Алт/цп 0,2 гр.;34
Перец;Перец Мустанг/Сем Алт/цп 0,1 гр. Сибирская Селекция!;34
Перец;Перец Острый Астраханский/Сем Алт/цп 0,1 гр.;32
Перец;Перец острый Астраханский/Сем Алт/цп 0,2 гр.;34
Перец;Перец Острый Бараний Рог/Сем Алт/цп 0,1 гр.;38
Перец;Перец Острый Бараний Рог/Сем Алт/цп 0,2 гр.;36
Перец;Перец Острый Жгучая Вишенка/Сем Алт/цп 0,1 гр.;36
Перец;Перец Острый Красный Дракон/Сем Алт/цп 0,1 гр. АЗИАТСКИЙ ОГОРОД!;38
Перец;Перец острый Красный Дракон/Сем Алт/цп 0,2 гр. КИТАЙСКАЯ СЕРИЯ;34
Перец;Перец Острый Красный Толстяк/Сем Алт/цп 0,2 гр.;39
Перец;Перец Острый Кубинец/Сем Алт/цп 0,1 гр. НОВИНКА!;34
Перец;Перец Острый Нокаут/Сем Алт/цп 0,1 гр. (2029 / 41218);39
Перец;Перец Острый Нокаут/Сем Алт/цп 0,2 гр.;34
Перец;Перец Острый Табаско/Сем Алт/цп 0,1 гр. НОВИНКА!;37
Перец;Перец Острый Цицак/Сем Алт/цп 0,1 гр. НОВИНКА!;34
Перец;Перец Острый Чегевара/Сем Алт/цп 0,1 гр.;37
Перец;Перец Падишах/Сем Алт/цп 0,1 гр. Наша Селекция!;48
Перец;Перец Пантера/Сем Алт/цп 10 шт. Наша Селекция! НОВИНКА!;65
Перец;Перец Первенец Романцова/Сем Алт/цп 0,2 гр.;38
Перец;Перец Плей Бой/Сем Алт/цп 0,1 гр.;45
Перец;Перец Подарок Молдовы/Сем Алт/цп 0,1 гр.;33
Перец;Перец Подарок Молдовы/Сем Алт/цп 0,2 гр.;35
Перец;Перец Примерный Муженек/Сем Алт/цп 0,1 гр.;45
Перец;Перец Ранний Сибиряк/Сем Алт/цп 0,1 гр.;39
Перец;Перец Роман/Сем Алт/цп 0,1 гр. Наша Селекция!;48
Перец;Перец Рэд Найт ЭКС 3 P F1/Сем Алт/цп 5 шт. Seminis (Голландские Семена);155
Перец;Перец Сапсан/Сем Алт/цп 0,1 гр. НОВИНКА!;67
Перец;Перец Сибирский Богатырь/Сем Алт/цп 0,1 гр. СЕРИЯ ЧЕМПИОНЫ ПОЛЬЗЫ!;59
Перец;Перец Сибирский Гигант F1/Сем Алт/цп 5 шт.;152
Перец;Перец Сибирский Князь/Сем Алт/цп 0,1 гр. Сибирская Селекция!;34
Перец;Перец Сибирский Экспресс/Сем Алт/цп 0,1 гр. Наша Селекция!;48
Перец;Перец Сиреневый Блеск/Сем Алт/цп 0,1 гр. Наша Селекция!;42
Перец;Перец Тамара F1/Сем Алт/цп 5 шт. Seminis (Голландские Семена);109
Перец;Перец Татарин/Сем Алт/цп 10 шт.;65
Перец;Перец Толстопуз/Сем Алт/цп 0,1 гр.;44
Перец;Перец Толстый Барин/Сем Алт/цп 0,1 гр. Наша Селекция!;44
Перец;Перец Три Толстяка/Сем Алт/цп 15 шт.;44
Перец;Перец Федор/Сем Алт/цп 10 шт.;66
Перец;Перец Фельдмаршал/Сем Алт/цп 0,1 гр. Наша Селекция!;44
Перец;Перец Цесаревич/Сем Алт/цп 0,1 гр. Наша Селекция!;48
Перец;Перец Эрли Сансейшн F1/Сем Алт/цп 5 шт. Seminis (Голландские Семена);135
Перец;Перец Ягуар/Сем Алт/цп 0,1 гр. Наша Селекция!;48
Перец;Перец Ятаган/Сем Алт/цп 0,1 гр.  Наша Селекция!;45
Подсолнечник;Подсолнечник Енисей/Сем Алт/цп 10 гр.;38
Редис;Редис 18 дней/Сем Алт/цп 2 гр.;36
Редис;Редис Алый Шар/Сем Алт/цп 2 гр.;38
Редис;Редис Белый Клык/Сем Алт/цп 2 гр.;34
Редис;Редис Бон Пари/Сем Алт/цп 2 гр.;39
Редис;Редис Вера/Сем Алт/цп 2 гр.;39
Редис;Редис Вюрцбургский 59/Сем Алт/цп 2 гр.;39
Редис;Редис Гонконг/Сем Алт/цп 2 гр. АЗИАТСКИЙ ОГОРОД!;39
Редис;Редис Дуро Краснодарское/Сем Алт/цп 2 гр.;39
Редис;Редис Жара/Сем Алт/цп 2 гр.;38
Редис;Редис Заря/Сем Алт/цп 2 гр.;38
Редис;Редис Злата/Сем Алт/цп 2 гр.;39
Редис;Редис Илке/Сем Алт/цп 2 гр.;38
Редис;Редис Кармен/Сем Алт/цп 2 гр.;38
Редис;Редис Король на Рынке/Сем Алт/цп 2 гр.;38
Редис;Редис Корунд/Сем Алт/цп 2 гр.;38
Редис;Редис Краса Алтая/Сем Алт/цп 2 гр. Сибирская Селекция!;39
Редис;Редис Красный Великан/Сем Алт/цп 2 гр.;38
Редис;Редис Ледяная Сосулька/Сем Алт/цп 2 гр.;32
Редис;Редис Любовный Треугольник/Сем Алт/цп 2 гр.;38
Редис;Редис Моховский/Сем Алт/цп 2 гр.;38
Редис;Редис Националь/Сем Алт/цп 2 гр.;30
Редис;Редис Окрошечный/Сем Алт/цп 2 гр.;38
Редис;Редис Осенний Гигант/Сем Алт/цп 2 гр.;37
Редис;Редис Пионер на Грядке (16 дней)/Сем Алт/цп 1 гр.;34
Редис;Редис Ранний Красный/Сем Алт/цп 2 гр.;38
Редис;Редис Ризенбуттер/Сем Алт/цп 2 гр.;38
Редис;Редис Розово-красный с бел.кончиком/Сем Алт/цп 2 гр.;38
Редис;Редис Рубин/Сем Алт/цп 2 гр.;38
Редис;Редис Румяные Щечки/Сем Алт/цп 2 гр.;38
Редис;Редис Сакса РС/Сем Алт/цп 2 гр.;38
Редис;Редис Сибирский Гигант/Сем Алт/цп 2 гр. СЕРИЯ СИБИРСКИЕ ГИГАНТЫ!;38
Редис;Редис Снегирек/Сем Алт/цп 2 гр.;36
Редис;Редис Тутти-Фрутти/Сем Алт/цп 2 гр.;38
Редис;Редис Фиолетовый Король/Сем Алт/цп 1 гр.;37
Редис;Редис Фиолетовый Король/Сем Алт/цп 2 гр.;38
Редис;Редис Французский завтрак/Сем Алт/цп 2 гр.;38
Редис;Редис Чемпион/Сем Алт/цп 2 гр.;38
Редька;Редька Барыня Зимняя Красная/Сем Алт/цп 1 гр.;30
Редька;Редька Белая Зимняя Круглая/Сем Алт/цп 1 гр.;34
Редька;Редька Годзилла/Сем Алт/цп 1 гр. НОВИНКА!;34
Редька;Редька Зимняя Круглая Черная/Сем Алт/цп 1 гр.;30
Редька;Редька китайская Маргеланская/Сем Алт/цп 1 гр.;32
Редька;Редька Клык Слона Китайская (Лоба)/Сем Алт/цп 1 гр. АЗИАТСКИЙ ОГОРОД!;30
Редька;Редька Мюнхенское Пиво/Сем Алт/цп 1 гр.;30
Редька;Редька Ночка/Сем Алт/цп 1 гр.;32
Редька;Редька Цилиндра/Сем Алт/цп 1 гр.;33
Редька;Редька Чудо-Лекарь/Сем Алт/цп 1  гр. НОВИНКА! СЕРИЯ ЧЕМПИОНЫ ПОЛЬЗЫ!;40
Репа;Репа Бабка за Дедку/Сем Алт/цп 1 гр.;35
Репа;Репа Белая Ночь/Сем Алт/цп 1 гр.;28
Репа;Репа Гейша/Сем Алт/цп 1 гр. АЗИАТСКИЙ ОГОРОД!;30
Репа;Репа Золотой Шар (Голден Болл)/Сем Алт/цп 1 гр.;28
Репа;Репа Миланская Розовая/Сем Алт/цп 1 гр.;32
Репа;Репа Русская Сказка/Сем Алт/цп 1 гр.;34
Репа;Репа Тянем-Потянем/Сем Алт/цп 1 гр.;30
Свекла;Свекла Барышня Крестьянка/Сем Алт/цп 2 гр.;39
Свекла;Свекла Бордо 237/Сем Алт/цп 3 гр.;44
Свекла;Свекла Детройт/Сем Алт/цп 3 гр.;39
Свекла;Свекла Египетская плоская/Сем Алт/цп 3 гр.;39
Свекла;Свекла Здоровый Румянец/Сем Алт/цп 2  гр. СЕРИЯ ЧЕМПИОНЫ ПОЛЬЗЫ!;56
Свекла;Свекла Кормовая Эккендорфская Желтая/Сем Алт/цп 2 гр.;38
Свекла;Свекла Красный Шар/Сем Алт/цп 2 гр.;38
Свекла;Свекла Кубанская Борщевая 43/Сем Алт/цп 2 гр. НОВИНКА!;34
Свекла;Свекла Мулатка/Сем Алт/цп 2 гр.;39
Свекла;Свекла Несравненная А 463/Сем Алт/цп 2 гр.;39
Свекла;Свекла Одноростковая/Сем Алт/цп 2 гр.;39
Свекла;Свекла Пабло F1/Сем Алт/цп 1 гр. Bejo (Голландские Семена);60
Свекла;Свекла Раннее Чудо/Сем Алт/цп 2 гр.;38
Свекла;Свекла Русский Борщ F1/Сем Алт/цп 1 гр.;58
Свекла;Свекла Славянка/Сем Алт/цп 2 гр.;39
Свекла;Свекла Смуглянка/Сем Алт/цп 2 гр.;39
Свекла;Свекла Столбовая Дворянка/Сем Алт/цп 2 гр.;39
Свекла;Свекла Фекла/Сем Алт/цп 2 гр.;39
Свекла;Свекла Цилиндра/Сем Алт/цп 3 гр.;39
Томат;Томат Августин/Сем Алт/цп 0,05 гр. НОВИНКА!;62
Томат;Томат Алей/Сем Алт/цп 0,05 гр. Наша Селекция!;42
Томат;Томат Алтайский Мясистый/Сем Алт/цп 0,05 гр. НОВИНКА!;68
Томат;Томат Алтайский Сахарный/Сем Алт/цп 0,05 гр. НОВИНКА!;68
Томат;Томат Андреевский Сюрприз/Сем Алт/цп 0,05 гр. Сибирская Селекция!;37
Томат;Томат Апельсин/Сем Алт/цп 0,05 гр.;34
Томат;Томат Апельсин/Сем Алт/цп 0,1 гр.;38
Томат;Томат Бабушкин Поцелуй/Сем Алт/цп 0,05 гр. Наша Селекция!;48
Томат;Томат Белый Налив 241/Сем Алт/цп 0,1 гр.;34
Томат;Томат Биг Биф F1/Сем Алт/цп 5 шт. Seminis (Голландские Семена);145
Томат;Томат Бийская Роза/Сем Алт/цп 0,05 гр. Сибирская Селекция!;38
Томат;Томат Бийский Розан/Сем Алт/цп 0,05 гр. Наша Селекция!;58
Томат;Томат Близняшки/Сем Алт/цп 0,05 гр. Наша Селекция!;42
Томат;Томат Бочата/Сем Алт/цп 0,05 гр. Сибирская Селекция!;42
Томат;Томат Бравый Генерал/Сем Алт/цп 0,05 гр. Наша Селекция!;48
Томат;Томат Буян Боец/Сем Алт/цп 0,05 гр.;34
Томат;Томат Буян Желтый/Сем Алт/цп 0,05 гр. Сибирская Селекция!;42
Томат;Томат Бычье Сердце Оранжевое/Сем Алт/цп 0,1 гр.;38
Томат;Томат Бычье Сердце/Сем Алт/цп 0,05 гр.;32
Томат;Томат Ваше Величество/Сем Алт/цп 0,05 гр. Наша Селекция!;48
Томат;Томат Вельможа/Сем Алт/цп 0,05 гр. Сибирская Селекция!;44
Томат;Томат Верность F1/Сем Алт/цп 15 шт.;60
Томат;Томат Вишня в Шоколаде/Сем Алт/цп 0,05 гр.;56
Томат;Томат Воловье сердце (Розовое)/Сем Алт/цп 0,05 гр.;34
Томат;Томат Воловье сердце (Розовое/Сем Алт/цп 0,1 гр.;37
Томат;Томат Воловьи Уши/Сем Алт/цп 0,05 гр. Наша Селекция!;45
Томат;Томат Гигант Красный/Сем Алт/цп 0,05 гр.;34
Томат;Томат Гигант Лимонный/Сем Алт/цп 0,1 гр.;38
Томат;Томат Дамские Пальчики/Сем Алт/цп 0,05 гр.;38
Томат;Томат Данко/Сем Алт/цп 0,05 гр. Сибирская Селекция!;42
Томат;Томат Де Барао Гигант/Сем Алт/цп 0,05 гр.;34
Томат;Томат Де Барао Золотой/Сем Алт/цп 0,1 гр.;36
Томат;Томат Де Барао Розовый/Сем Алт/цп 0,05 гр.;34
Томат;Томат Де Барао Черный/Сем Алт/цп 0,05 гр.;34
Томат;Томат Демидов/Сем Алт/цп 0,05 гр. Сибирская Селекция!;36
Томат;Томат Джина ТСТ/Сем Алт/цп 0,05 гр.;32
Томат;Томат Джина ТСТ/Сем Алт/цп 0,1 гр.;30
Томат;Томат Добряк/Сем Алт/цп 0,05 гр. Наша Селекция!;49
Томат;Томат Домашний Консервный/Сем Алт/цп 0,05 гр.;36
Томат;Томат Дорогой Гость/Сем Алт/цп 0,05 гр. Наша Селекция!;49
Томат;Томат Дородный/Сем Алт/цп 0,05 гр. Наша Селекция!;49
Томат;Томат Друзья Товарищи/Сем Алт/цп 0,05 гр. Наша Селекция!;44
Томат;Томат Дубок (Дубрава)/Сем Алт/цп 0,1 гр.;38
Томат;Томат Желтая Ракета/Сем Алт/цп 0,05 гр. Наша Селекция!;46
Томат;Томат Жрица/Сем Алт/цп 0,05 гр. НОВИНКА!;68
Томат;Томат Запуняка/Сем Алт/цп 0,05 гр. НОВИНКА!;72
Томат;Томат Засолочное Чудо/Сем Алт/цп 0,05 гр.;37
Томат;Томат Званый Вечер/Сем Алт/цп 0,05 гр. Наша Селекция!;48
Томат;Томат Земляк/Сем Алт/цп 0,05 гр. Сибирская Селекция!;36
Томат;Томат Золотой Алтын/Сем Алт/цп 0,05 гр. Сибирская Селекция!;44
Томат;Томат Золотце/Сем Алт/цп 0,05 гр. Наша Селекция!;42
Томат;Томат Золотце/Сем Алт/цп 0,05 гр. УРОЖАЙ НА ОКНЕ!;42
Томат;Томат Иваныч F1/Сем Алт/цп 10 шт.;63
Томат;Томат Иваныч F1/Сем Алт/цп 15 шт.;58
Томат;Томат Изумрудный Штамбовый/Сем Алт/цп 0,05 гр. Наша Селекция!;48
Томат;Томат Инна/Сем Алт/цп 0,05 гр. Сибирская Селекция!;39
Томат;Томат Йетина Мать/Сем Алт/цп 0,05 гр. НОВИНКА!;75
Томат;Томат Кабанчик F1/Cем Алт/цп 5 шт. НОВИНКА!;155
Томат;Томат Какаду F1/Сем Алт/цп 10 шт.;55
Томат;Томат Какаду F1/Сем Алт/цп 15 шт.;57
Томат;Томат Канары/Сем Алт/цп 0,05 гр. Сибирская Селекция!;42
Томат;Томат Канопус/Сем Алт/цп 0,05 гр. Сибирская Селекция!;39
Томат;Томат Карамелька/Сем Алт/цп 0,05 гр. Наша Селекция!;48
Томат;Томат Катюша/Сем Алт/цп 0,05 гр. Сибирская Селекция!;42
Томат;Томат Кебаб F1/Cем Алт/цп 5 шт. НОВИНКА!;75
Томат;Томат Кемеровец/Сем Алт/цп 0,05 гр. Сибирская Селекция!;32
Томат;Томат Китайский Болезнеустойчивый/Сем Алт/цп 0,05 гр. АЗИАТСКИЙ ОГОРОД!;37
Томат;Томат Китайский Болезнеустойчивый/Сем Алт/цп 0,1 гр. КИТАЙСКАЯ СЕРИЯ;37
Томат;Томат Китайский Жароустойчивый/Сем Алт/цп 0,05 гр. АЗИАТСКИЙ ОГОРОД!;44
Томат;Томат Китайский Ранний/Сем Алт/цп 0,05 гр. АЗИАТСКИЙ ОГОРОД!;39
Томат;Томат Китайский Розовый/Сем Алт/цп 0,05гр. АЗИАТСКИЙ ОГОРОД!;32
Томат;Томат Китайский Розовый/Сем Алт/цп 0,1 гр. КИТАЙСКАЯ СЕРИЯ;31
Томат;Томат Китайский Холодоустойчивый/Сем Алт/цп 0,05 гр. АЗИАТСКИЙ ОГОРОД!;44
Томат;Томат Китайский Холодоустойчивый/Сем Алт/цп 0,1 гр. КИТАЙСКАЯ СЕРИЯ;45
Томат;Томат Комбат/Сем Алт/цп 0,05 гр. Наша Селекция!;48
Томат;Томат Комнатный Сибиряк/Сем Алт/цп 0,05 гр. УРОЖАЙ НА ОКНЕ!;42
Томат;Томат Королевич/Сем Алт/цп 0,05 гр. Наша Селекция!;58
Томат;Томат Король Крупных/Сем Алт/цп 0,05 гр, Наша Селекция!;55
Томат;Томат Король Лондона/Сем Алт/цп 0,05 гр.;44
Томат;Томат Король Ранних/Сем Алт/цп 0,05 гр. Наша Селекция!;39
Томат;Томат Король Сибири/Сем Алт/цп 0,05 гр. Наша Селекция!;52
Томат;Томат Красногвардеец/Сем Алт/цп 0,05 гр. Наша Селекция!;46
Томат;Томат Кулема/Сем Алт/цп 0,05 гр. НОВИНКА!;75
Томат;Томат Лампочка/Сем Алт/цп 0,05 гр.;44
Томат;Томат Лонг Кипер/Сем Алт/цп 0,05 гр.;39
Томат;Томат Лось F1/Сем Алт/цп 3 шт.;175
Томат;Томат Любимый Король/Сем Алт/цп 0,05 гр. Наша Селекция!;42
Томат;Томат Любовь F1/Сем Алт/цп 10 шт.;48
Томат;Томат Любовь F1/Сем Алт/цп 15 шт.;48
Томат;Томат Ляна/Сем Алт/цп 0,1 гр.;37
Томат;Томат Малиновый Звон/Сем Алт/цп 10 шт.;45
Томат;Томат Малиновый Звон/Сем Алт/цп 15 шт.;54
Томат;Томат Мамонтенок/Сем Алт/цп 5 шт.;85
Томат;Томат Маняша/Сем Алт/цп 0,05 гр. Наша Селекция!;42
Томат;Томат Марал F1/Сем Алт/цп 10 шт. НОВИНКА!;105
Томат;Томат Марочка/Сем Алт/цп 0,05 гр. НОВИНКА!;66
Томат;Томат Медовый вкус/Сем Алт/цп 0,05 гр.;39
Томат;Томат Метелица/Сем Алт/цп 0,05 гр. Сибирская Селекция!;39
Томат;Томат Могучее Вымя/Сем Алт/цп 0,05 гр.;69
Томат;Томат Молодчина/Сем Алт/цп 0,05 гр. Наша Селекция!;45
Томат;Томат Монеточка/Сем Алт/цп 0,1 гр. НОВИНКА!;69
Томат;Томат Мохнатый Шмель/Сем Алт/цп 0,05 гр. Наша Селекция!;48
Томат;Томат Надежда F1/Сем Алт/цп 15 шт.;50
Томат;Томат Настёна F1/Сем Алт/цп 10 шт.;54
Томат;Томат Настёна F1/Сем Алт/цп 15 шт.;60
Томат;Томат Настенька/Сем Алт/цп 0,05 гр. Наша Селекция!;78
Томат;Томат Никитка/Сем Алт/цп 0,05 гр. Наша Селекция!;42
Томат;Томат Никола/Сем Алт/цп 0,05 гр. Сибирская Селекция!;30
Томат;Томат Новинка Приднестровья/Сем Алт/цп 0,1 гр.;28
Томат;Томат Огородный Колдун/Сем Алт/цп 0,05 гр. Наша Селекция!;42
Томат;Томат Ожерелье Желтое/Сем Алт/цп 0,05 гр. Наша Селекция!;39
Томат;Томат Олеся/Сем Алт/цп 0,05 гр. Сибирская Селекция!;39
Томат;Томат Оранжевое Лето/Сем Алт/цп 0,05 гр. Наша Селекция!;39
Томат;Томат Патрикеевна/Сем Алт/цп 0,05  гр. Наша Селекция!;42
Томат;Томат Пень F1/Сем Алт/цп 5 шт. НОВИНКА!;195
Томат;Томат Перцевидный/Сем Алт/цп 0,05 гр.;39
Томат;Томат Пикет/Сем Алт/цп 0,05 гр. Сибирская Селекция!;30
Томат;Томат Президент 2 F1/Сем Алт/цп 5 шт. Seminis (Голландские Семена);135
Томат;Томат Примадонна F1/Сем Алт/цп 10 шт.;75
Томат;Томат Примадонна F1/Сем Алт/цп 15 шт.;79
Томат;Томат Пухляш F1/Cем Алт/цп 5 шт. НОВИНКА!;175
Томат;Томат Пылающее Сердце/Сем Алт/цп 0,05 гр. Наша Селекция!;42
Томат;Томат Ракета (Красная)/Сем Алт/цп 0,05 гр.;39
Томат;Томат Ранний - 83/Сем Алт/цп 0,1 гр.;37
Томат;Томат Ранняя Любовь/Сем Алт/цп 0,05 гр. Наша Селекция!;39
Томат;Томат Розовое Сердце/Сем Алт/цп 0,1 гр.;39
Томат;Томат Розовый Гигант/Сем Алт/цп 0,1 гр.;39
Томат;Томат Розовый Слон/Сем Алт/цп 0,05 гр.;42
Томат;Томат Самородок/Сем Алт/цп 0,05 гр. Наша Селекция!;42
Томат;Томат Санька/Сем Алт/цп 0,05 гр.;34
Томат;Томат Свит Черри Смесь/Сем Алт/цп 0,05 гр.;39
Томат;Томат Севрюга/Сем Алт/цп 0,05 гр. Сибирская Селекция!;42
Томат;Томат Семен Безголовый/Сем Алт/цп 0,05 гр. Сибирская Селекция!;36
Томат;Томат Сердцеедка/Сем Алт/цп 5 шт. НОВИНКА!;85
Томат;Томат Сибирская Корона/Сем Алт/цп 0,05 гр.;38
Томат;Томат Сибирские Черри/Сем Алт/цп 0,05 гр.;38
Томат;Томат Сибирские Черри/Сем Алт/цп 0,1 гр.;48
Томат;Томат Сибирский Гигант Желтый/Сем Алт/цп 0,05 гр. СЕРИЯ СИБИРСКИЕ ГИГАНТЫ!;58
Томат;Томат Сибирский Гигант Розовый/Сем Алт/цп 0,05 гр. СЕРИЯ СИБИРСКИЕ ГИГАНТЫ!;52
Томат;Томат Сибирский Здоровяк/Сем Алт/цп 0,05 гр. СЕРИЯ ЧЕМПИОНЫ ПОЛЬЗЫ!;55
Томат;Томат Сибирский Крепыш/Сем Алт/цп 0,05 гр. НОВИНКА!;38
Томат;Томат Сибирский Пируэт/Сем Алт/цп 0,05 гр. Наша Селекция!;42
Томат;Томат Сибирский Скороспелый/Сем Алт/цп 0,1 гр. Сибирская Селекция!;37
Томат;Томат Сибирячок/Сем Алт/цп 0,05 гр. Наша Селекция!;42
Томат;Томат Славянин/Сем Алт/цп 0,05 гр. Сибирская Селекция!;36
Томат;Томат Сладкая Гроздь/Сем Алт/цп 0,05 гр.;38
Томат;Томат Сладкий Шар/Сем Алт/цп 0,05 гр. Наша Селекция!;39
Томат;Томат Сладкое Дерево/Сем Алт/цп 0,05 гр.;38
Томат;Томат Сладкое Дерево/Сем Алт/цп 0,1 гр.;38
Томат;Томат Сливка Желтая/Сем Алт/цп 0,05 гр. Наша Селекция!;39
Томат;Томат Сливка Красная/Сем Алт/цп 0,05 гр. Наша Селекция!;39
Томат;Томат Снегири/Сем Алт/цп 0,05 гр.;38
Томат;Томат Снежана/Сем Алт/цп 0,05 гр. Сибирская Селекция!;39
Томат;Томат Сольный Номер/Сем Алт/цп 0,05 гр. Наша Селекция!;42
Томат;Томат Спиридон/Сем Алт/цп 0,05 гр. Сибирская Селекция!;32
Томат;Томат Толстый Боцман/Сем Алт/цп 0,05 гр. Сибирская Селекция!;48
Томат;Томат Топ-Модель/Сем Алт/цп 0,05 гр. Наша Селекция!;39
Томат;Томат Точка/Сем Алт/цп 0,05 гр. НОВИНКА!;66
Томат;Томат Трюфель Желтый/Сем Алт/цп 0,05 гр.;39
Томат;Томат Трюфель Красный/Сем Алт/цп 0,05 гр.;39
Томат;Томат Феня F1/Cем Алт/цп 10 шт. НОВИНКА!;114
Томат;Томат Фиеста F1/Сем Алт/цп 0,05 гр. Сибирская Селекция!;39
Томат;Томат Флорида 47 Р F1/Сем Алт/цп 10 шт. Seminis (Голландские Семена);88
Томат;Томат Хурма/Сем Алт/цп 0,05 гр.;38
Томат;Томат Царевич/Сем Алт/цп 0,05 гр. Наша Селекция!;45
Томат;Томат Цыпочка/Сем Алт/цп 10 шт. НОВИНКА!;75
Томат;Томат Челнок/Сем Алт/цп 0,05 гр.;34
Томат;Томат Челнок/Сем Алт/цп 0,1 гр.;30
Томат;Томат Черный Мавр/Сем Алт/цп 0,05 гр.;39
Томат;Томат Черри-Мини/Сем Алт/цп 0,05 гр.;38
Томат;Томат Чудо Алтая/Сем Алт/цп 0,05 гр. Наша Селекция!;48
Томат;Томат Шакира F1/Сем Алт/цп 5 шт. Seminis (Голландские Семена);140
Томат;Томат Шедевр/Сем Алт/цп 0,05 гр.;37
Томат;Томат Шоколадный/Сем Алт/цп 0,05 гр.;38
Томат;Томат Штамбовый Крупноплодный/Сем Алт/цп 0,05 гр.;39
Томат;Томат Шурочка/Сем Алт/цп 0,05 гр. НОВИНКА!;66
Томат;Томат Яблонька России/Сем Алт/цп 0,1 гр.;30
Томат;Томат Яблочный/Сем Алт/цп 0,05 гр.;28
Томат;Томат Ямал/Сем Алт/цп 0,05 гр.;36
Томат;Томат Янтарный Мед/Сем Алт/цп 0,05 гр.;38
Томат;Томат Янтарный Мед/Сем Алт/цп 0,1 гр.;32
Тыква;Тыква Важная Госпожа/Сем Алт/цп 1 гр.;45
Тыква;Тыква Волжская Серая 92/Сем Алт/цп 2 гр.;35
Тыква;Тыква Грибовская Зимняя/Сем Алт/цп 2 гр.;34
Тыква;Тыква Дама в Шляпе/Сем Алт/цп 1 гр.;45
Тыква;Тыква Жемчужина Мускатная/Сем Алт/цп 2 гр.;38
Тыква;Тыква Зимняя сладкая/Сем Алт/цп 2 гр.;33
Тыква;Тыква Карета для Золушки/Сем Алт/цп 2 гр.;38
Тыква;Тыква китайская Фонарик/Сем Алт/цп 1 гр. АЗИАТСКИЙ ОГОРОД!;48
Тыква;Тыква Кладовая Здоровья/Сем Алт/цп 1 гр. СЕРИЯ ЧЕМПИОНЫ ПОЛЬЗЫ!;56
Тыква;Тыква Крошка/Сем Алт/цп 2 гр.;35
Тыква;Тыква Лакомый Кусочек/Сем Алт/цп 1 гр.;34
Тыква;Тыква Лечебная/Сем Алт/цп 2 гр.;33
Тыква;Тыква Мама не Горюй/Сем Алт/цп 1 гр.;48
Тыква;Тыква Медовая Каша/Сем Алт/цп 2 гр.;36
Тыква;Тыква Мраморная/Сем Алт/цп 2 гр.;38
Тыква;Тыква Мулен Руж/Сем Алт/цп 1 гр.;39
Тыква;Тыква мускатная Витаминная/Сем Алт/цп 2 гр.;35
Тыква;Тыква Пампушка/Сем Алт/цп 2 гр.;32
Тыква;Тыква Розовый Банан/Сем Алт/цп 1 гр. НОВИНКА!;54
Тыква;Тыква Россиянка/Сем Алт/цп 2 гр.;34
Тыква;Тыква Сибирский Гигант/Сем Алт/цп 2 гр. СЕРИЯ СИБИРСКИЕ ГИГАНТЫ!;39
Тыква;Тыква Стофунтовая/Сем Алт/цп 2 гр.;38
Тыква;Тыква Тортилла/Сем Алт/цп 1 гр. НОВИНКА!;55
Тыква;Тыква Улыбка/Сем Алт/цп 2 гр.;38
Фасоль;Фасоль Ассоль/Сем Алт/цп 5 гр.;38
Фасоль;Фасоль Бриллиант/Сем Алт/цп 5 гр.;39
Фасоль;Фасоль День и ночь/Сем Алт/цп 5 гр. НОВИНКА!;42
Фасоль;Фасоль Журавушка/Сем Алт/цп 5 гр.;39
Фасоль;Фасоль Капучино/Сем Алт/цп 5 гр. НОВИНКА!;39
Фасоль;Фасоль Красная Шапочка/Сем Алт/цп 5 гр.;39
Фасоль;Фасоль Курочка Ряба/Сем Алт/цп 5 гр.;39
Фасоль;Фасоль Лима/Сем Алт/цп 5 гр.;39
Фасоль;Фасоль Лобио/Сем Алт/цп 5 гр.;36
Фасоль;Фасоль Пеппи Длинный Чулок/Сем Алт/цп 5 гр.;36
Фасоль;Фасоль Пинто/Сем Алт/цп 5 гр. НОВИНКА!;39
Фасоль;Фасоль Рубин/Сем Алт/цп 5 гр.;38
Фасоль;Фасоль Эксалто/Сем Алт/цп 5 гр.;39
Экзотика;Экзотика Бамия (Окра) Дамские Пальчики/Сем Алт/цп 1 гр.;38
Экзотика;Экзотика Кивано Зеленый дракон/Сем Алт/цп 5 шт. АЗИАТСКИЙ ОГОРОД!;64
Экзотика;Экзотика Момордика Найя/Сем Алт/цп 4 шт. АЗИАТСКИЙ ОГОРОД!;66
Экзотика;Экзотика Момордика Экзотическая смесь/Сем Алт/цп 4 шт. АЗИАТСКИЙ ОГОРОД!;73
Экзотика;Экзотика Пепино (Дынная Груша)/Сем Алт/цп 5 шт.;165
Экзотика;Экзотика Тортарелло Абруззе (Армянский Огурец)/Сем Алт/цп 0,3 гр.;38
Экзотика;Экзотика Тортарелло Бареззе (Армянский Огурец)/Сем Алт/цп 0,3 гр.;38
Ягода;Физалис Мармелад/Сем Алт/цп 0,2 гр. НОВИНКА!;36
Ягода;Физалис Медовая Сливка/Сем Алт/цп 0,2 гр. НОВИНКА!;36
Ягода;Ягода Ежевика Блэк Мама крупноплодная/Сем Алт/цп 0,03 гр. НОВИНКА;48
Ягода;Ягода Земляника Александрия ремонтантная/Сем Алт/цп 0,03 гр.;39
Ягода;Ягода Земляника Али-Баба ремонтантная/Сем Алт/цп 0,03 гр.;42
Ягода;Ягода Земляника Барон Солемахер ремонтантная/Сем Алт/цп 0,03 гр.;46
Ягода;Ягода Земляника Желтое чудо ремонтантная/Сем Алт/цп 0,1 гр.;44
Ягода;Ягода Земляника Крем-брюле желтая ремонтантная/Сем Алт/цп 0,03 гр. НОВИНКА;39
Ягода;Ягода Земляника Мигнонетт ремонтантная/Сем Алт/цп 5 шт. НОВИНКА;45
Ягода;Ягода Земляника Монако ремонтантная крупноплодная/Сем Алт/цп 0,01 гр. НОВИНКА;60
Ягода;Ягода Земляника Полянка ремонтантная/Сем Алт/цп 0,02 гр. НОВИНКА;39
Ягода;Ягода Земляника Регина ремонтантная/Сем Алт/цп 0,03 гр.;48
Ягода;Ягода Земляника Рюген ремонтантная/Сем Алт/цп 0,03 гр. НОВИНКА;52
Ягода;Ягода Земляника Фреска ремонтантная/Сем Алт/цп 5 шт. НОВИНКА;118
Ягода;Ягода Малина Барнаулка красная/Сем Алт/цп 0,03 гр. НОВИНКА;48
Ягода;Ягода Малина Чарыш желтая/Сем Алт/цп 0,03 гр. НОВИНКА;48
"Серия ""Сибирский гигант""";Горох Сибирский Гигант/Сем Алт/цп 10 гр. СЕРИЯ СИБИРСКИЕ ГИГАНТЫ!;55
"Серия ""Сибирский гигант""";Дайкон Сибирский Гигант/Сем Алт/цп 1 гр. СЕРИЯ СИБИРСКИЕ ГИГАНТЫ!;40
"Серия ""Сибирский гигант""";Лук Порей Сибирский Гигант/Сем Алт/цп 1 гр. СЕРИЯ СИБИРСКИЕ ГИГАНТЫ!;49
"Серия ""Сибирский гигант""";Лук Сибирский Гигант/Сем Алт/цп 0,2 гр. НОВИНКА! СЕРИЯ СИБИРСКИЕ ГИГАНТЫ!;57
"Серия ""Сибирский гигант""";Огурец Сибирский Гигант F1/Сем Алт/цп 10 шт. СЕРИЯ СИБИРСКИЕ ГИГАНТЫ!;58
"Серия ""Сибирский гигант""";Перец Сибирский Богатырь/Сем Алт/цп 0,1 гр. СЕРИЯ ЧЕМПИОНЫ ПОЛЬЗЫ!;59
"Серия ""Сибирский гигант""";Перец Сибирский Гигант F1/Сем Алт/цп 5 шт.;152
"Серия ""Сибирский гигант""";Редис Сибирский Гигант/Сем Алт/цп 2 гр. СЕРИЯ СИБИРСКИЕ ГИГАНТЫ!;38
"Серия ""Сибирский гигант""";Томат Сибирский Гигант Желтый/Сем Алт/цп 0,05 гр. СЕРИЯ СИБИРСКИЕ ГИГАНТЫ!;58
"Серия ""Сибирский гигант""";Томат Сибирский Гигант Розовый/Сем Алт/цп 0,05 гр. СЕРИЯ СИБИРСКИЕ ГИГАНТЫ!;52
"Серия ""Сибирский гигант""";Томат Сибирский Здоровяк/Сем Алт/цп 0,05 гр. СЕРИЯ ЧЕМПИОНЫ ПОЛЬЗЫ!;55
"Серия ""Сибирский гигант""";Тыква Сибирский Гигант/Сем Алт/цп 2 гр. СЕРИЯ СИБИРСКИЕ ГИГАНТЫ!;39
"Серия ""Урожай на окне""";Зелень Базилик Зеленый Ароматный/Сем Алт/цп 0,3 гр. УРОЖАЙ НА ОКНЕ!;37
"Серия ""Урожай на окне""";Зелень Базилик Мини/Сем Алт/цп 0,2 гр. УРОЖАЙ НА ОКНЕ!;39
"Серия ""Урожай на окне""";Зелень Базилик Ред Рубин/Сем Алт/цп 0,3 гр. УРОЖАЙ НА ОКНЕ!;37
"Серия ""Урожай на окне""";Зелень Кориандр Янтарь/Сем Алт/цп 2 гр. УРОЖАЙ НА ОКНЕ! !;32
"Серия ""Урожай на окне""";Зелень Шпинат Зимний Гигант/Сем Алт/цп 1 гр. УРОЖАЙ НА ОКНЕ!;32
"Серия ""Урожай на окне""";Лук на Зелень/Сем Алт/цп 0,5 гр. УРОЖАЙ НА ОКНЕ;38
"Серия ""Урожай на окне""";Томат Золотце/Сем Алт/цп 0,05 гр. УРОЖАЙ НА ОКНЕ!;42
"Серия ""Урожай на окне""";Томат Комнатный Сибиряк/Сем Алт/цп 0,05 гр. УРОЖАЙ НА ОКНЕ!;42
"Серия ""Аптекарский огород""";Зелень Алтей Лекарственный/Сем Алт/цп 0,1 гр. АПТЕКАРСКИЙ ОГОРОД!;30
"Серия ""Аптекарский огород""";Зелень Валериана Кардиола лекарственная/Сем Алт/цп 0,1 гр.  АПТЕКАРСКИЙ ОГОРОД!;45
"Серия ""Аптекарский огород""";Зелень Девясил Много Сил/Сем Алт/цп 0,05 гр. АПТЕКАРСКИЙ ОГОРОД!;38
"Серия ""Аптекарский огород""";Зелень Душица Обыкновенная/Сем Алт/цп 0,05 гр. АПТЕКАРСКИЙ ОГОРОД!;38
"Серия ""Аптекарский огород""";Зелень Зверобой Оптимист/Сем Алт/цп 0,1 гр. АПТЕКАРСКИЙ ОГОРОД!;38
"Серия ""Аптекарский огород""";Зелень Змееголовник Горыныч/Сем Алт/цп 0,3 гр. АПТЕКАРСКИЙ ОГОРОД!;38
"Серия ""Аптекарский огород""";Зелень Иссоп Знахарь лекарственный/Сем Алт/цп 0,2 гр. АПТЕКАРСКИЙ ОГОРОД!;36
"Серия ""Аптекарский огород""";Зелень Лофант Анисовый/Сем Алт/цп 0,05 гр. АПТЕКАРСКИЙ ОГОРОД!;34
"Серия ""Аптекарский огород""";Зелень Мелисса Лимонный Аромат/Сем Алт/цп 0,1 гр. АПТЕКАРСКИЙ ОГОРОД!;30
"Серия ""Аптекарский огород""";Зелень Мелисса Свежесть лекарственная/Сем Алт/цп 0,1 гр.;38
"Серия ""Аптекарский огород""";Зелень Мята Перечная Пепперминт/Сем Алт/цп 0,05 гр.АПТЕКАРСКИЙ ОГОРОД!;42
"Серия ""Аптекарский огород""";Зелень Мята Спирминт/Сем Алт/цп 0,05  гр.;44
"Серия ""Аптекарский огород""";Зелень Пажитник сенной Шамбала/Сем Алт/цп 1 гр. АПТЕКАРСКИЙ ОГОРОД!;38
"Серия ""Аптекарский огород""";Зелень Пустырник Сердечный/Сем Алт/цп 0,1 гр. АПТЕКАРСКИЙ ОГОРОД!;38
"Серия ""Аптекарский огород""";Зелень Расторопша пятнистая Здравница/Сем Алт/цп 1 гр. АПТЕКАРСКИЙ ОГОРОД!;35
"Серия ""Аптекарский огород""";Зелень Репешок обыкновенный/Сем Алт/цп 0,1 гр. АПТЕКАРСКИЙ ОГОРОД!;34
"Серия ""Аптекарский огород""";Зелень Ромашка Аптечная Айболит/Сем Алт/цп 0,2 гр. АПТЕКАРСКИЙ ОГОРОД!;32
"Серия ""Аптекарский огород""";Зелень Рута Кружевница/Сем Алт/цп 0,1 гр. АПТЕКАРСКИЙ ОГОРОД!;32
"Серия ""Аптекарский огород""";Зелень Стевия Медовая Трава/Сем Алт/цп 5 шт. АПТЕКАРСКИЙ ОГОРОД!;75
"Серия ""Аптекарский огород""";Зелень Тимьян Медок/Сем Алт/цп 0,2 гр. АПТЕКАРСКИЙ ОГОРОД!;42
"Серия ""Аптекарский огород""";Зелень Чернокорень Лекарственный/Сем Алт/цп 0,1 гр. АПТЕКАРСКИЙ ОГОРОД!;38
